﻿<?xml version="1.0"?>
<Configuration xmlns:xsi="http://www.w3.org/2001/XMLSchema-instance" xmlns:xsd="http://www.w3.org/2001/XMLSchema">
  <KnownExtensions>
    <!--Executables -->
    <string>exe</string>
    <string>bat</string>
    <string>msi</string>
    <!--Video -->
    <string>avi</string>
    <string>wmv</string>
    <string>divx</string>
    <string>mpeg</string>
    <string>mpg</string>
    <!--Audio -->
    <string>mp3</string>
    <string>mp4</string>
    <string>ogg</string>
    <string>wma</string>
    <!--Documents -->
    <string>pdf</string>
    <string>chm</string>
    <!--Archives -->
    <string>rar</string>
    <string>zip</string>
    <string>ace</string>
    <!--Media images -->
    <string>iso</string>
    <string>bin</string>
    <string>cue</string>
    <string>daa</string>
    <string>nrg</string>
  </KnownExtensions>

  <VideoExtensions>
    <string>AVI</string>
    <string>WMV</string>
    <string>DIVX</string>
    <string>MPEG</string>
    <string>MPG</string>
    <string>MP4</string>
  </VideoExtensions>

  <ApplicationsExtensions>
    <string>EXE</string>
    <string>BAT</string>
    <string>MSI</string>
  </ApplicationsExtensions>

  <AudioExtensions>
    <string>MP3</string>
    <string>OGG</string>
    <string>WMA</string>
  </AudioExtensions>
</Configuration>