Date,VXX
3/26/2004,1661.55
3/29/2004,1619.18
3/30/2004,1605.21
3/31/2004,1615.24
4/1/2004,1603.51
4/2/2004,1546.81
4/5/2004,1514.89
4/6/2004,1534.61
4/7/2004,1559.51
4/8/2004,1554.53
4/12/2004,1529.54
4/13/2004,1575.02
4/14/2004,1588.48
4/15/2004,1582.52
4/16/2004,1563.38
4/19/2004,1565.18
4/20/2004,1587.86
4/21/2004,1557.31
4/22/2004,1464.88
4/23/2004,1477.58
4/26/2004,1463.95
4/27/2004,1443.57
4/28/2004,1485.95
4/29/2004,1516.41
4/30/2004,1539.95
5/3/2004,1494.89
5/4/2004,1481.68
5/5/2004,1442.86
5/6/2004,1496.52
5/7/2004,1539.19
5/10/2004,1590.53
5/11/2004,1547.52
5/12/2004,1521.16
5/13/2004,1520.54
5/14/2004,1527.97
5/17/2004,1571.15
5/18/2004,1560.17
5/19/2004,1490.09
5/20/2004,1505.14
5/21/2004,1491.82
5/24/2004,1458.32
5/25/2004,1363.76
5/26/2004,1371.73
5/27/2004,1353.32
5/28/2004,1368.86
6/1/2004,1372.99
6/2/2004,1372.54
6/3/2004,1380.39
6/4/2004,1378.95
6/7/2004,1338.57
6/8/2004,1311.38
6/9/2004,1319.18
6/10/2004,1294.72
6/14/2004,1294.61
6/15/2004,1267.83
6/16/2004,1258.16
6/17/2004,1260.67
6/18/2004,1251.42
6/21/2004,1266.80
6/22/2004,1232.15
6/23/2004,1164.93
6/24/2004,1184.28
6/25/2004,1196.58
6/28/2004,1205.20
6/29/2004,1185.67
6/30/2004,1158.50
7/1/2004,1172.64
7/2/2004,1169.16
7/6/2004,1204.28
7/7/2004,1180.22
7/8/2004,1203.62
7/9/2004,1212.57
7/12/2004,1207.44
7/13/2004,1189.83
7/14/2004,1186.57
7/15/2004,1195.99
7/16/2004,1203.46
7/19/2004,1201.07
7/20/2004,1170.44
7/21/2004,1216.43
7/22/2004,1176.81
7/23/2004,1181.18
7/26/2004,1189.29
7/27/2004,1153.37
7/28/2004,1134.16
7/29/2004,1111.65
7/30/2004,1105.64
8/2/2004,1088.98
8/3/2004,1091.71
8/4/2004,1087.23
8/5/2004,1122.76
8/6/2004,1154.60
8/9/2004,1130.42
8/10/2004,1089.81
8/11/2004,1098.65
8/12/2004,1103.50
8/13/2004,1086.51
8/16/2004,1055.80
8/17/2004,1037.23
8/18/2004,1015.48
8/19/2004,1023.68
8/20/2004,1009.96
8/23/2004,1000.19
8/24/2004,979.46
8/25/2004,942.41
8/26/2004,938.82
8/27/2004,927.01
8/30/2004,938.99
8/31/2004,930.81
9/1/2004,919.65
9/2/2004,881.92
9/3/2004,875.75
9/7/2004,856.27
9/8/2004,852.48
9/9/2004,845.41
9/10/2004,835.34
9/13/2004,820.09
9/14/2004,799.36
9/15/2004,814.01
9/16/2004,815.57
9/17/2004,816.82
9/20/2004,823.29
9/21/2004,806.64
9/22/2004,820.48
9/23/2004,821.36
9/24/2004,809.86
09/27/2004,818.26
09/28/2004,793.64
09/29/2004,770.55
09/30/2004,762.08
10/01/2004,729.39
10/04/2004,737.05
10/05/2004,737.77
10/06/2004,722.76
10/07/2004,737.78
10/08/2004,751.21
10/11/2004,751.14
10/12/2004,766.66
10/13/2004,767.55
10/14/2004,784.59
10/15/2004,769.69
10/18/2004,744.80
10/19/2004,750.93
10/20/2004,772.22
10/21/2004,740.02
10/22/2004,754.39
10/25/2004,772.93
10/26/2004,756.61
10/27/2004,756.37
10/28/2004,747.42
10/29/2004,746.63
11/1/2004,750.73
11/2/2004,731.30
11/3/2004,700.18
11/4/2004,675.92
11/5/2004,670.69
11/8/2004,675.67
11/9/2004,671.62
11/10/2004,659.46
11/11/2004,649.77
11/12/2004,648.90
11/15/2004,652.96
11/16/2004,664.49
11/17/2004,662.68
11/18/2004,662.62
11/19/2004,677.54
11/22/2004,667.86
11/23/2004,664.43
11/24/2004,659.20
11/26/2004,659.88
11/29/2004,660.82
11/30/2004,660.85
12/1/2004,651.97
12/2/2004,648.93
12/3/2004,645.64
12/6/2004,625.41
12/7/2004,632.82
12/8/2004,628.21
12/9/2004,626.65
12/10/2004,624.34
12/13/2004,612.58
12/14/2004,611.97
12/15/2004,611.77
12/16/2004,603.56
12/17/2004,606.21
12/20/2004,604.68
12/21/2004,593.24
12/22/2004,594.69
12/23/2004,591.27
12/27/2004,591.30
12/28/2004,595.88
12/29/2004,596.50
12/30/2004,599.52
12/31/2004,599.97
1/3/2005,607.68
1/4/2005,617.25
1/5/2005,613.06
1/6/2005,600.39
1/7/2005,596.44
1/10/2005,589.27
1/11/2005,594.55
1/12/2005,576.31
1/13/2005,578.31
1/14/2005,571.43
1/18/2005,553.29
1/19/2005,559.74
1/20/2005,566.95
1/21/2005,578.66
1/24/2005,574.16
1/25/2005,569.88
1/26/2005,559.81
1/27/2005,552.62
1/28/2005,547.54
1/31/2005,540.96
2/1/2005,523.39
2/2/2005,499.62
2/3/2005,496.47
2/4/2005,472.51
2/7/2005,473.52
2/8/2005,475.87
2/9/2005,479.86
2/10/2005,471.74
2/11/2005,459.75
2/14/2005,464.26
2/15/2005,465.09
2/16/2005,463.11
02/17/2005,467.66
02/18/2005,467.85
02/22/2005,485.41
02/23/2005,483.38
02/24/2005,476.56
02/25/2005,469.03
02/28/2005,477.40
03/01/2005,475.95
03/02/2005,484.84
03/03/2005,494.66
03/04/2005,479.04
03/07/2005,477.13
03/08/2005,483.77
03/09/2005,492.14
03/10/2005,491.24
03/11/2005,494.99
03/14/2005,495.52
03/15/2005,504.86
03/16/2005,511.73
3/17/2005,513.83
3/18/2005,513.79
3/21/2005,518.01
3/22/2005,529.37
3/23/2005,532.18
3/24/2005,524.99
3/28/2005,528.82
3/29/2005,544.22
3/30/2005,529.80
3/31/2005,529.55
4/1/2005,537.19
4/4/2005,542.96
4/5/2005,539.84
4/6/2005,524.87
4/7/2005,512.94
4/8/2005,513.19
4/11/2005,510.18
4/12/2005,497.80
4/13/2005,511.92
4/14/2005,539.61
4/15/2005,564.21
4/18/2005,564.52
4/19/2005,547.44
4/20/2005,558.63
4/21/2005,526.76
4/22/2005,538.33
4/25/2005,525.84
4/26/2005,532.30
4/27/2005,531.11
4/28/2005,556.54
4/29/2005,552.40
5/2/2005,535.84
5/3/2005,530.29
5/4/2005,510.31
5/5/2005,502.91
5/6/2005,504.69
5/9/2005,497.67
5/10/2005,516.71
5/11/2005,519.59
5/12/2005,547.60
5/13/2005,559.73
5/16/2005,550.90
5/17/2005,531.06
5/18/2005,507.61
05/19/2005,498.54
05/20/2005,492.01
05/23/2005,482.06
05/24/2005,479.42
05/25/2005,483.22
05/26/2005,469.33
05/27/2005,470.61
05/31/2005,475.28
06/01/2005,466.95
06/02/2005,465.27
06/03/2005,465.27
06/06/2005,458.86
06/07/2005,455.13
06/08/2005,456.36
06/09/2005,451.85
06/10/2005,456.11
06/13/2005,446.28
06/14/2005,444.50
06/15/2005,440.67
06/16/2005,438.84
06/17/2005,441.96
06/20/2005,442.47
06/21/2005,439.21
06/22/2005,439.00
06/23/2005,442.21
06/24/2005,450.85
06/27/2005,446.98
06/28/2005,439.39
06/29/2005,444.48
06/30/2005,444.93
07/01/2005,444.19
07/05/2005,437.96
07/06/2005,441.25
07/07/2005,444.40
07/08/2005,434.36
07/11/2005,431.57
07/12/2005,429.29
07/13/2005,425.11
07/14/2005,420.82
07/15/2005,416.29
07/18/2005,414.32
07/19/2005,410.51
07/20/2005,407.48
07/21/2005,405.21
07/22/2005,400.67
07/25/2005,400.67
07/26/2005,401.12
07/27/2005,397.61
07/28/2005,393.91
07/29/2005,397.46
08/01/2005,402.17
08/02/2005,399.60
08/03/2005,400.37
08/04/2005,403.96
08/05/2005,406.72
08/08/2005,410.54
08/09/2005,399.09
08/10/2005,401.48
08/11/2005,397.00
08/12/2005,407.17
08/15/2005,404.10
08/16/2005,412.93
08/17/2005,409.50
08/18/2005,406.44
08/19/2005,403.30
08/22/2005,402.36
08/23/2005,402.76
08/24/2005,403.47
08/25/2005,404.08
08/26/2005,406.38
08/29/2005,402.50
08/30/2005,405.26
08/31/2005,400.53
09/01/2005,401.78
09/02/2005,404.61
09/06/2005,399.57
09/07/2005,395.15
09/08/2005,394.94
09/09/2005,390.00
09/12/2005,388.41
09/13/2005,390.65
09/14/2005,391.50
09/15/2005,390.18
09/16/2005,385.67
09/19/2005,387.56
09/20/2005,388.47
09/21/2005,397.33
09/22/2005,399.28
09/23/2005,395.02
09/26/2005,391.67
09/27/2005,388.72
09/28/2005,382.74
09/29/2005,375.14
09/30/2005,369.81
10/03/2005,368.78
10/04/2005,371.20
10/05/2005,381.28
10/06/2005,393.71
10/07/2005,393.20
10/10/2005,403.25
10/11/2005,401.43
10/12/2005,406.31
10/13/2005,407.78
10/14/2005,393.74
10/17/2005,393.62
10/18/2005,395.06
10/19/2005,390.50
10/20/2005,404.45
10/21/2005,402.82
10/24/2005,391.52
10/25/2005,387.78
10/26/2005,382.92
10/27/2005,395.58
10/28/2005,387.10
10/31/2005,383.09
11/01/2005,381.45
11/02/2005,370.46
11/03/2005,355.61
11/04/2005,353.32
11/07/2005,351.43
11/08/2005,352.98
11/09/2005,346.98
11/10/2005,339.03
11/11/2005,328.16
11/14/2005,332.24
11/15/2005,330.39
11/16/2005,329.33
11/17/2005,321.85
11/18/2005,312.31
11/21/2005,313.49
11/22/2005,310.92
11/23/2005,309.16
11/25/2005,309.40
11/28/2005,312.59
11/29/2005,312.64
11/30/2005,313.99
12/01/2005,310.47
12/02/2005,306.05
12/05/2005,306.56
12/06/2005,306.30
12/07/2005,308.82
12/08/2005,308.50
12/09/2005,306.33
12/12/2005,306.60
12/13/2005,305.12
12/14/2005,301.15
12/15/2005,299.81
12/16/2005,302.43
12/19/2005,301.52
12/20/2005,298.84
12/21/2005,294.83
12/22/2005,292.20
12/23/2005,286.43
12/27/2005,291.36
12/28/2005,288.57
12/29/2005,288.49
12/30/2005,290.36
01/03/2006,282.65
01/04/2006,280.01
01/05/2006,278.68
01/06/2006,273.66
01/09/2006,268.58
01/10/2006,264.21
01/11/2006,260.92
01/12/2006,263.86
01/13/2006,263.18
01/17/2006,266.37
01/18/2006,270.01
01/19/2006,267.19
01/20/2006,275.70
01/23/2006,280.20
01/24/2006,276.21
01/25/2006,271.54
01/26/2006,264.99
01/27/2006,260.06
01/30/2006,256.62
01/31/2006,258.32
02/01/2006,257.40
02/02/2006,260.18
02/03/2006,259.53
02/06/2006,259.78
02/07/2006,261.92
02/08/2006,255.57
02/09/2006,252.80
02/10/2006,251.99
02/13/2006,256.42
02/14/2006,253.08
02/15/2006,254.23
02/16/2006,250.00
02/17/2006,247.25
02/21/2006,245.03
02/22/2006,238.83
02/23/2006,238.77
02/24/2006,236.46
02/27/2006,234.23
02/28/2006,237.76
03/01/2006,235.68
03/02/2006,236.12
03/03/2006,236.36
03/06/2006,239.42
03/07/2006,241.20
03/08/2006,238.66
03/09/2006,240.17
03/10/2006,237.93
03/13/2006,235.50
03/14/2006,232.15
03/15/2006,232.00
03/16/2006,228.66
03/17/2006,229.48
03/20/2006,230.71
03/21/2006,231.78
03/22/2006,228.27
03/23/2006,228.58
03/24/2006,227.06
03/27/2006,227.24
03/28/2006,226.86
03/29/2006,222.14
03/30/2006,220.93
03/31/2006,222.68
04/03/2006,221.98
04/04/2006,220.76
04/05/2006,218.41
04/06/2006,216.73
04/07/2006,220.59
04/10/2006,222.86
04/11/2006,226.26
04/12/2006,227.84
04/13/2006,227.20
04/17/2006,227.89
04/18/2006,220.64
04/19/2006,220.44
04/20/2006,217.67
04/21/2006,221.15
04/24/2006,220.44
04/25/2006,220.00
04/26/2006,217.20
04/27/2006,215.81
04/28/2006,214.37
05/01/2006,218.18
05/02/2006,215.05
05/03/2006,217.19
05/04/2006,216.27
05/05/2006,213.60
05/08/2006,214.01
05/09/2006,212.53
05/10/2006,211.70
05/11/2006,217.37
05/12/2006,227.60
05/15/2006,226.44
05/16/2006,223.66
05/17/2006,245.99
05/18/2006,249.43
05/19/2006,253.31
05/22/2006,268.88
05/23/2006,266.40
05/24/2006,274.06
05/25/2006,263.10
05/26/2006,255.86
05/30/2006,279.33
05/31/2006,273.57
06/01/2006,262.03
06/02/2006,255.37
06/05/2006,270.35
06/06/2006,276.57
06/07/2006,283.78
06/08/2006,292.77
06/09/2006,295.72
06/12/2006,306.33
06/13/2006,331.83
06/14/2006,338.23
06/15/2006,283.07
06/16/2006,291.73
06/19/2006,294.59
06/20/2006,290.18
06/21/2006,273.57
06/22/2006,275.02
06/23/2006,273.49
06/26/2006,271.12
06/27/2006,277.83
06/28/2006,277.97
06/29/2006,254.34
06/30/2006,248.64
07/03/2006,243.86
07/05/2006,253.23
07/06/2006,253.19
07/07/2006,256.11
07/10/2006,256.25
07/11/2006,251.51
07/12/2006,258.40
07/13/2006,280.06
07/14/2006,288.74
07/17/2006,286.31
07/18/2006,282.61
07/19/2006,267.53
07/20/2006,276.09
07/21/2006,282.30
07/24/2006,262.19
07/25/2006,254.93
07/26/2006,253.13
07/27/2006,257.40
07/28/2006,249.55
07/31/2006,251.88
08/01/2006,257.96
08/02/2006,252.82
08/03/2006,250.45
08/04/2006,254.13
08/07/2006,256.20
08/08/2006,255.35
08/09/2006,252.65
08/10/2006,254.22
08/11/2006,255.36
08/14/2006,245.60
08/15/2006,243.26
08/16/2006,231.19
08/17/2006,230.48
08/18/2006,227.19
08/21/2006,224.19
08/22/2006,222.23
08/23/2006,226.50
08/24/2006,224.33
08/25/2006,219.66
08/28/2006,216.45
08/29/2006,219.09
08/30/2006,217.62
08/31/2006,214.27
09/01/2006,209.88
09/05/2006,211.13
09/06/2006,219.97
09/07/2006,222.41
09/08/2006,220.87
09/11/2006,221.65
09/12/2006,209.88
09/13/2006,206.18
09/14/2006,209.13
09/15/2006,208.29
09/18/2006,206.21
09/19/2006,205.30
09/20/2006,201.28
09/21/2006,206.70
09/22/2006,207.30
09/25/2006,200.42
09/26/2006,196.21
09/27/2006,196.76
09/28/2006,196.19
09/29/2006,195.41
10/02/2006,198.87
10/03/2006,199.04
10/04/2006,188.94
10/05/2006,187.25
10/06/2006,186.88
10/09/2006,183.39
10/10/2006,178.38
10/11/2006,175.99
10/12/2006,172.10
10/13/2006,169.76
10/16/2006,165.68
10/17/2006,167.89
10/18/2006,167.07
10/19/2006,166.11
10/20/2006,163.00
10/23/2006,159.02
10/24/2006,156.40
10/25/2006,152.55
10/26/2006,149.18
10/27/2006,149.89
10/30/2006,150.40
10/31/2006,149.32
11/01/2006,152.55
11/02/2006,153.54
11/03/2006,152.44
11/06/2006,147.24
11/07/2006,147.72
11/08/2006,145.01
11/09/2006,145.38
11/10/2006,146.51
11/13/2006,145.86
11/14/2006,142.72
11/15/2006,141.50
11/16/2006,140.99
11/17/2006,142.01
11/20/2006,139.50
11/21/2006,140.43
11/22/2006,141.73
11/24/2006,143.35
11/27/2006,151.61
11/28/2006,146.25
11/29/2006,140.52
11/30/2006,139.58
12/01/2006,142.55
12/04/2006,140.22
12/05/2006,140.68
12/06/2006,141.74
12/07/2006,144.34
12/08/2006,144.55
12/11/2006,140.91
12/12/2006,139.38
12/13/2006,137.04
12/14/2006,137.61
12/15/2006,139.46
12/18/2006,139.87
12/19/2006,136.17
12/20/2006,135.72
12/21/2006,136.70
12/22/2006,138.65
12/26/2006,134.98
12/27/2006,131.53
12/28/2006,132.70
12/29/2006,134.09
01/03/2007,134.08
01/04/2007,133.28
01/05/2007,136.39
01/08/2007,134.89
01/09/2007,134.36
01/10/2007,132.76
01/11/2007,123.61
01/12/2007,121.40
01/16/2007,119.64
01/17/2007,119.73
01/18/2007,121.15
01/19/2007,117.68
01/22/2007,119.18
01/23/2007,115.56
01/24/2007,114.26
01/25/2007,118.58
01/26/2007,118.90
01/29/2007,118.58
01/30/2007,116.70
01/31/2007,114.90
02/01/2007,113.44
02/02/2007,112.94
02/05/2007,113.03
02/06/2007,111.41
02/07/2007,109.90
02/08/2007,110.60
02/09/2007,112.73
02/12/2007,114.68
02/13/2007,110.43
02/14/2007,107.11
02/15/2007,106.33
02/16/2007,106.38
02/20/2007,104.56
02/21/2007,103.48
02/22/2007,102.73
02/23/2007,106.56
02/26/2007,105.45
02/27/2007,131.60
02/28/2007,121.04
03/01/2007,126.33
03/02/2007,133.64
03/05/2007,139.88
03/06/2007,130.89
03/07/2007,128.61
03/08/2007,123.89
03/09/2007,123.72
03/12/2007,121.59
03/13/2007,133.14
03/14/2007,138.02
03/15/2007,138.73
03/16/2007,143.02
03/19/2007,134.28
03/20/2007,129.38
03/21/2007,119.47
03/22/2007,120.20
03/23/2007,120.08
03/26/2007,120.34
03/27/2007,124.60
03/28/2007,131.21
03/29/2007,130.35
03/30/2007,129.20
04/02/2007,131.70
04/03/2007,126.31
04/04/2007,124.44
04/05/2007,122.95
04/09/2007,122.35
04/10/2007,118.01
04/11/2007,121.93
04/12/2007,119.35
04/13/2007,117.48
04/16/2007,112.11
04/17/2007,113.60
04/18/2007,113.50
04/19/2007,112.66
04/20/2007,112.68
04/23/2007,114.38
04/24/2007,114.30
04/25/2007,113.12
04/26/2007,113.47
04/27/2007,112.70
04/30/2007,115.78
05/01/2007,115.82
05/02/2007,114.11
05/03/2007,113.28
05/04/2007,113.58
05/07/2007,114.30
05/08/2007,115.45
05/09/2007,114.04
05/10/2007,117.53
05/11/2007,114.93
05/14/2007,116.98
05/15/2007,117.63
05/16/2007,116.46
05/17/2007,117.29
05/18/2007,115.87
05/21/2007,114.16
05/22/2007,114.46
05/23/2007,114.04
05/24/2007,117.57
05/25/2007,115.98
05/29/2007,114.70
05/30/2007,113.02
05/31/2007,112.80
06/01/2007,112.18
06/04/2007,113.03
06/05/2007,113.77
06/06/2007,117.60
06/07/2007,124.99
06/08/2007,121.99
06/11/2007,119.51
06/12/2007,123.57
06/13/2007,120.42
06/14/2007,117.00
06/15/2007,115.22
06/18/2007,115.42
06/19/2007,112.93
06/20/2007,119.69
06/21/2007,120.09
06/22/2007,125.42
06/25/2007,127.18
06/26/2007,132.06
06/27/2007,124.27
06/28/2007,124.29
06/29/2007,128.43
07/02/2007,125.38
07/03/2007,123.56
07/05/2007,125.52
07/06/2007,123.03
07/09/2007,123.34
07/10/2007,131.82
07/11/2007,130.51
07/12/2007,127.78
07/13/2007,128.27
07/16/2007,129.84
07/17/2007,130.82
07/18/2007,134.93
07/19/2007,133.48
07/20/2007,137.58
07/23/2007,136.28
07/24/2007,141.01
07/25/2007,140.38
07/26/2007,150.30
07/27/2007,154.87
07/30/2007,150.64
07/31/2007,159.96
08/01/2007,168.02
08/02/2007,160.97
08/03/2007,174.33
08/06/2007,170.53
08/07/2007,159.00
08/08/2007,157.18
08/09/2007,179.28
08/10/2007,192.59
08/13/2007,187.80
08/14/2007,195.95
08/15/2007,204.41
08/16/2007,220.49
08/17/2007,214.48
08/20/2007,197.20
08/21/2007,192.21
08/22/2007,182.92
08/23/2007,186.11
08/24/2007,179.13
08/27/2007,187.57
08/28/2007,203.15
08/29/2007,195.04
08/30/2007,196.86
08/31/2007,190.83
09/04/2007,183.59
09/05/2007,194.15
09/06/2007,192.70
09/07/2007,204.84
09/10/2007,210.50
09/11/2007,200.07
09/12/2007,201.52
09/13/2007,200.55
09/14/2007,200.61
09/17/2007,205.31
09/18/2007,179.51
09/19/2007,172.62
09/20/2007,174.82
09/21/2007,166.98
09/24/2007,165.73
09/25/2007,167.20
09/26/2007,160.68
09/27/2007,158.43
09/28/2007,160.66
10/01/2007,156.70
10/02/2007,160.24
10/03/2007,162.22
10/04/2007,163.53
10/05/2007,154.73
10/08/2007,156.78
10/09/2007,148.95
10/10/2007,149.34
10/11/2007,159.00
10/12/2007,155.86
10/15/2007,163.82
10/16/2007,171.19
10/17/2007,169.09
10/18/2007,169.22
10/19/2007,180.80
10/22/2007,178.33
10/23/2007,172.87
10/24/2007,176.30
10/25/2007,174.67
10/26/2007,167.54
10/29/2007,164.68
10/30/2007,170.33
10/31/2007,156.87
11/01/2007,179.12
11/02/2007,184.15
11/05/2007,191.32
11/06/2007,181.62
11/07/2007,201.54
11/08/2007,200.66
11/09/2007,212.16
11/12/2007,215.28
11/13/2007,198.44
11/14/2007,201.57
11/15/2007,214.70
11/16/2007,211.59
11/19/2007,214.76
11/20/2007,208.90
11/21/2007,213.90
11/23/2007,206.39
11/26/2007,217.62
11/27/2007,212.55
11/28/2007,196.22
11/29/2007,198.19
11/30/2007,193.51
12/03/2007,194.56
12/04/2007,196.33
12/05/2007,187.03
12/06/2007,177.55
12/07/2007,180.05
12/10/2007,176.28
12/11/2007,185.69
12/12/2007,183.28
12/13/2007,184.18
12/14/2007,189.56
12/17/2007,195.94
12/18/2007,188.99
12/19/2007,187.82
12/20/2007,185.87
12/21/2007,177.84
12/24/2007,171.50
12/26/2007,170.26
12/27/2007,175.66
12/28/2007,176.61
12/31/2007,179.43
01/02/2008,183.58
01/03/2008,181.98
01/04/2008,189.52
01/07/2008,185.59
01/08/2008,194.65
01/09/2008,192.59
01/10/2008,186.35
01/11/2008,194.95
01/14/2008,186.60
01/15/2008,187.85
01/16/2008,185.98
01/17/2008,200.56
01/18/2008,202.44
01/22/2008,205.23
01/23/2008,195.63
01/24/2008,195.85
01/25/2008,198.52
01/28/2008,194.47
01/29/2008,194.54
01/30/2008,195.02
01/31/2008,192.10
02/01/2008,187.04
02/04/2008,193.68
02/05/2008,204.59
02/06/2008,210.03
02/07/2008,206.85
02/08/2008,210.50
02/11/2008,205.74
02/12/2008,203.05
02/13/2008,195.98
02/14/2008,198.71
02/15/2008,196.81
02/19/2008,194.37
02/20/2008,193.09
02/21/2008,192.90
02/22/2008,188.63
02/25/2008,183.61
02/26/2008,180.65
02/27/2008,182.14
02/28/2008,187.29
02/29/2008,198.02
03/03/2008,197.91
03/04/2008,194.50
03/05/2008,189.65
03/06/2008,202.82
03/07/2008,202.68
03/10/2008,208.44
03/11/2008,196.76
03/12/2008,202.53
03/13/2008,203.22
03/14/2008,215.35
03/17/2008,216.58
03/18/2008,198.04
03/19/2008,207.17
03/20/2008,204.03
03/24/2008,199.32
03/25/2008,199.31
03/26/2008,203.78
03/27/2008,202.33
03/28/2008,202.42
03/31/2008,198.77
04/01/2008,185.27
04/02/2008,188.45
04/03/2008,186.75
04/04/2008,185.79
04/07/2008,179.84
04/08/2008,178.87
04/09/2008,183.33
04/10/2008,180.13
04/11/2008,185.46
04/14/2008,184.72
04/15/2008,181.01
04/16/2008,170.24
04/17/2008,170.82
04/18/2008,164.73
04/21/2008,162.54
04/22/2008,163.86
04/23/2008,162.12
04/24/2008,157.93
04/25/2008,153.97
04/28/2008,152.76
04/29/2008,154.70
04/30/2008,158.18
05/01/2008,148.68
05/02/2008,146.79
05/05/2008,148.23
05/06/2008,142.46
05/07/2008,149.12
05/08/2008,149.21
05/09/2008,150.57
05/12/2008,145.47
05/13/2008,144.82
05/14/2008,141.62
05/15/2008,137.98
05/16/2008,139.33
05/19/2008,136.58
05/20/2008,143.84
05/21/2008,152.95
05/22/2008,150.18
05/23/2008,153.64
05/27/2008,148.98
05/28/2008,147.50
05/29/2008,138.59
05/30/2008,135.19
06/02/2008,143.07
06/03/2008,145.78
06/04/2008,146.34
06/05/2008,138.59
06/06/2008,154.10
06/09/2008,151.34
06/10/2008,151.55
06/11/2008,156.13
06/12/2008,153.95
06/13/2008,147.84
06/16/2008,145.78
06/17/2008,145.48
06/18/2008,149.76
06/19/2008,147.13
06/20/2008,150.62
06/23/2008,150.67
06/24/2008,151.54
06/25/2008,145.11
06/26/2008,157.39
06/27/2008,156.52
06/30/2008,154.49
07/01/2008,154.08
07/02/2008,162.04
07/03/2008,160.67
07/07/2008,162.11
07/08/2008,152.78
07/09/2008,160.80
07/10/2008,161.85
07/11/2008,165.53
07/14/2008,169.84
07/15/2008,171.38
07/16/2008,162.18
07/17/2008,159.08
07/18/2008,157.76
07/21/2008,153.71
07/22/2008,147.83
07/23/2008,147.66
07/24/2008,154.71
07/25/2008,154.06
07/28/2008,158.89
07/29/2008,149.35
07/30/2008,142.64
07/31/2008,149.45
08/01/2008,150.36
08/04/2008,149.71
08/05/2008,142.58
08/06/2008,138.52
08/07/2008,144.33
08/08/2008,140.20
08/11/2008,138.16
08/12/2008,143.53
08/13/2008,146.23
08/14/2008,141.27
08/15/2008,139.48
08/18/2008,141.42
08/19/2008,145.91
08/20/2008,142.84
08/21/2008,141.29
08/22/2008,137.65
08/25/2008,143.77
08/26/2008,142.29
08/27/2008,138.98
08/28/2008,135.51
08/29/2008,138.52
09/02/2008,140.42
09/03/2008,138.68
09/04/2008,148.96
09/05/2008,145.92
09/08/2008,141.09
09/09/2008,151.03
09/10/2008,148.17
09/11/2008,149.34
09/12/2008,150.59
09/15/2008,159.69
09/16/2008,156.70
09/17/2008,165.65
09/18/2008,157.63
09/19/2008,154.03
09/22/2008,164.77
09/23/2008,179.09
09/24/2008,177.01
09/25/2008,171.62
09/26/2008,176.11
09/29/2008,200.74
09/30/2008,188.81
10/01/2008,194.97
10/02/2008,207.93
10/03/2008,214.77
10/06/2008,222.40
10/07/2008,243.53
10/08/2008,257.14
10/09/2008,282.24
10/10/2008,293.97
10/13/2008,271.96
10/14/2008,279.75
10/15/2008,318.52
10/16/2008,324.65
10/17/2008,351.74
10/20/2008,332.72
10/21/2008,323.95
10/22/2008,357.42
10/23/2008,369.46
10/24/2008,411.14
10/27/2008,434.74
10/28/2008,397.69
10/29/2008,415.93
10/30/2008,410.63
10/31/2008,409.14
11/03/2008,396.71
11/04/2008,362.38
11/05/2008,385.35
11/06/2008,429.53
11/07/2008,419.09
11/10/2008,427.25
11/11/2008,439.48
11/12/2008,473.06
11/13/2008,442.23
11/14/2008,475.25
11/17/2008,500.89
11/18/2008,509.31
11/19/2008,559.13
11/20/2008,588.63
11/21/2008,558.17
11/24/2008,522.88
11/25/2008,509.42
11/26/2008,478.67
11/28/2008,478.05
12/01/2008,538.81
12/02/2008,521.80
12/03/2008,520.41
12/04/2008,544.10
12/05/2008,531.14
12/08/2008,508.61
12/09/2008,516.36
12/10/2008,507.12
12/11/2008,513.23
12/12/2008,505.74
12/15/2008,509.92
12/16/2008,485.50
12/17/2008,483.79
12/18/2008,467.69
12/19/2008,440.56
12/22/2008,424.59
12/23/2008,430.99
12/24/2008,426.69
12/26/2008,421.94
12/29/2008,432.75
12/30/2008,414.24
12/31/2008,393.73
01/02/2009,364.53
01/05/2009,371.51
01/06/2009,366.58
01/07/2009,397.84
01/08/2009,397.25
01/09/2009,410.94
01/12/2009,443.98
01/13/2009,434.38
01/14/2009,471.47
01/15/2009,468.23
01/16/2009,453.28
01/20/2009,511.32
01/21/2009,478.26
01/22/2009,473.00
01/23/2009,469.60
01/26/2009,446.53
01/27/2009,424.41
01/28/2009,397.56
01/29/2009,404.77
01/30/2009,418.97
02/02/2009,421.38
02/03/2009,404.20
02/04/2009,407.60
02/05/2009,402.16
02/06/2009,397.39
02/09/2009,399.77
02/10/2009,424.86
02/11/2009,417.39
02/12/2009,409.33
02/13/2009,416.95
02/17/2009,434.96
02/18/2009,442.82
02/19/2009,440.26
02/20/2009,460.91
02/23/2009,483.91
02/24/2009,441.77
02/25/2009,432.29
02/26/2009,437.58
02/27/2009,440.97
03/02/2009,469.76
03/03/2009,474.35
03/04/2009,438.54
03/05/2009,458.71
03/06/2009,454.08
03/09/2009,460.40
03/10/2009,425.22
03/11/2009,423.95
03/12/2009,416.78
03/13/2009,422.55
03/16/2009,437.14
03/17/2009,418.28
03/18/2009,414.70
03/19/2009,442.39
03/20/2009,475.94
03/23/2009,439.81
03/24/2009,446.09
03/25/2009,434.50
03/26/2009,422.12
03/27/2009,436.14
03/30/2009,466.89
03/31/2009,459.42
04/01/2009,448.80
04/02/2009,441.22
04/03/2009,431.90
04/06/2009,435.16
04/07/2009,436.63
04/08/2009,426.98
04/09/2009,408.89
04/13/2009,405.68
04/14/2009,405.10
04/15/2009,396.88
04/16/2009,382.08
04/17/2009,374.30
04/20/2009,403.18
04/21/2009,387.27
04/22/2009,392.56
04/23/2009,385.88
04/24/2009,386.56
04/27/2009,395.76
04/28/2009,391.02
04/29/2009,374.30
04/30/2009,378.49
05/01/2009,373.05
05/04/2009,355.83
05/05/2009,355.19
05/06/2009,342.68
05/07/2009,347.33
05/08/2009,333.02
05/11/2009,335.18
05/12/2009,332.77
05/13/2009,343.84
05/14/2009,329.34
05/15/2009,337.47
05/18/2009,312.78
05/19/2009,307.81
05/20/2009,308.80
05/21/2009,325.62
05/22/2009,330.63
05/26/2009,315.38
05/27/2009,324.42
05/28/2009,318.71
05/29/2009,309.10
06/01/2009,301.69
06/02/2009,302.09
06/03/2009,317.18
06/04/2009,314.43
06/05/2009,313.05
06/08/2009,311.90
06/09/2009,303.11
06/10/2009,305.64
06/11/2009,299.20
06/12/2009,294.20
06/15/2009,304.92
06/16/2009,313.66
06/17/2009,320.51
06/18/2009,318.02
06/19/2009,308.30
06/22/2009,321.54
06/23/2009,315.13
06/24/2009,302.19
06/25/2009,288.43
06/26/2009,283.44
06/29/2009,273.31
06/30/2009,278.05
07/01/2009,275.54
07/02/2009,290.67
07/06/2009,287.97
07/07/2009,299.01
07/08/2009,303.18
07/09/2009,299.00
07/10/2009,300.41
07/13/2009,286.21
07/14/2009,280.93
07/15/2009,272.32
07/16/2009,269.05
07/17/2009,269.07
07/20/2009,263.06
07/21/2009,257.93
07/22/2009,251.89
07/23/2009,243.19
07/24/2009,241.17
07/27/2009,244.42
07/28/2009,252.96
07/29/2009,255.80
07/30/2009,249.97
07/31/2009,252.35
08/03/2009,245.84
08/04/2009,244.10
08/05/2009,242.93
08/06/2009,245.66
08/07/2009,237.55
08/10/2009,237.64
08/11/2009,242.25
08/12/2009,239.14
08/13/2009,234.48
08/14/2009,238.26
08/17/2009,252.61
08/18/2009,246.79
08/19/2009,239.18
08/20/2009,234.58
08/21/2009,231.08
08/24/2009,231.30
08/25/2009,233.85
08/26/2009,237.96
08/27/2009,234.69
08/28/2009,236.99
08/31/2009,240.39
09/01/2009,252.03
09/02/2009,255.45
09/03/2009,243.61
09/04/2009,235.47
09/08/2009,227.73
09/09/2009,221.19
09/10/2009,210.85
09/11/2009,213.52
09/14/2009,208.20
09/15/2009,208.76
09/16/2009,199.52
09/17/2009,200.64
09/18/2009,205.57
09/21/2009,205.25
09/22/2009,200.96
09/23/2009,202.62
09/24/2009,206.42
09/25/2009,207.06
09/28/2009,199.65
09/29/2009,199.62
09/30/2009,201.73
10/01/2009,210.70
10/02/2009,211.06
10/05/2009,203.97
10/06/2009,199.22
10/07/2009,196.93
10/08/2009,194.56
10/09/2009,190.61
10/12/2009,185.62
10/13/2009,183.86
10/14/2009,182.23
10/15/2009,178.08
10/16/2009,180.60
10/19/2009,175.71
10/20/2009,174.92
10/21/2009,174.90
10/22/2009,168.61
10/23/2009,171.40
10/26/2009,174.92
10/27/2009,175.34
10/28/2009,187.78
10/29/2009,177.54
10/30/2009,195.02
11/02/2009,196.74
11/03/2009,197.74
11/04/2009,195.08
11/05/2009,186.58
11/06/2009,180.76
11/09/2009,170.05
11/10/2009,170.99
11/11/2009,171.50
11/12/2009,179.16
11/13/2009,176.23
11/16/2009,173.15
11/17/2009,172.18
11/18/2009,165.72
11/19/2009,167.76
11/20/2009,164.55
11/23/2009,156.23
11/24/2009,154.97
11/25/2009,152.81
11/27/2009,163.26
11/30/2009,163.46
12/01/2009,157.16
12/02/2009,155.44
12/03/2009,158.77
12/04/2009,155.17
12/07/2009,154.53
12/08/2009,158.70
12/09/2009,157.44
12/10/2009,155.00
12/11/2009,154.06
12/14/2009,150.94
12/15/2009,149.33
12/16/2009,142.52
12/17/2009,144.54
12/18/2009,142.48
12/21/2009,137.57
12/22/2009,134.12
12/23/2009,132.95
12/24/2009,131.22
12/28/2009,130.03
12/29/2009,130.77
12/30/2009,132.81
12/31/2009,136.39
01/04/2010,131.34
01/05/2010,128.70
01/06/2010,124.05
01/07/2010,121.94
01/08/2010,118.74
01/11/2010,116.93
01/12/2010,120.17
01/13/2010,117.95
01/14/2010,115.30
01/15/2010,118.30
01/19/2010,112.79
01/20/2010,112.00
01/21/2010,118.51
01/22/2010,128.87
01/25/2010,126.94
01/26/2010,128.13
01/27/2010,124.24
01/28/2010,125.44
01/29/2010,128.41
02/01/2010,121.23
02/02/2010,116.69
02/03/2010,117.07
02/04/2010,130.75
02/05/2010,132.34
02/08/2010,134.03
02/09/2010,130.80
02/10/2010,130.33
02/11/2010,126.89
02/12/2010,126.65
02/16/2010,119.87
02/17/2010,115.54
02/18/2010,110.81
02/19/2010,108.56
02/22/2010,106.51
02/23/2010,109.94
02/24/2010,107.55
02/25/2010,107.15
02/26/2010,104.93
03/01/2010,102.88
03/02/2010,101.80
03/03/2010,100.83
03/04/2010,100.58
03/05/2010,96.01
03/08/2010,94.62
03/09/2010,94.84
03/10/2010,95.46
03/11/2010,96.17
03/12/2010,95.40
03/15/2010,95.47
03/16/2010,92.76
03/17/2010,89.20
03/18/2010,87.87
03/19/2010,89.57
03/22/2010,88.38
03/23/2010,86.50
03/24/2010,88.33
03/25/2010,89.29
03/26/2010,88.36
03/29/2010,86.56
03/30/2010,85.06
03/31/2010,84.66
04/01/2010,84.39
04/05/2010,81.19
04/06/2010,78.97
04/07/2010,80.38
04/08/2010,79.00
04/09/2010,78.09
04/12/2010,77.95
04/13/2010,78.30
04/14/2010,76.45
04/15/2010,76.45
04/16/2010,79.54
04/19/2010,77.59
04/20/2010,73.89
04/21/2010,74.28
04/22/2010,74.09
04/23/2010,73.55
04/26/2010,74.49
04/27/2010,82.83
04/28/2010,81.89
04/29/2010,78.09
04/30/2010,84.83
05/03/2010,81.74
05/04/2010,90.10
05/05/2010,94.19
05/06/2010,110.52
05/07/2010,120.55
05/10/2010,103.48
05/11/2010,103.05
05/12/2010,97.49
05/13/2010,99.92
05/14/2010,109.97
05/17/2010,110.89
05/18/2010,118.41
05/19/2010,121.07
05/20/2010,137.37
05/21/2010,136.68
05/24/2010,134.21
05/25/2010,129.32
05/26/2010,125.83
05/27/2010,114.75
05/28/2010,117.04
06/01/2010,123.94
06/02/2010,115.54
06/03/2010,114.48
06/04/2010,125.40
06/07/2010,131.17
06/08/2010,125.76
06/09/2010,126.82
06/10/2010,119.20
06/11/2010,116.30
06/14/2010,113.96
06/15/2010,107.16
06/16/2010,104.34
06/17/2010,102.48
06/18/2010,100.74
06/21/2010,101.62
06/22/2010,106.19
06/23/2010,107.63
06/24/2010,114.10
06/25/2010,111.22
06/28/2010,113.06
06/29/2010,124.18
06/30/2010,126.11
07/01/2010,124.98
07/02/2010,121.16
07/06/2010,114.32
07/07/2010,106.94
07/08/2010,104.91
07/09/2010,103.20
07/12/2010,100.64
07/13/2010,100.04
07/14/2010,103.04
07/15/2010,103.92
07/16/2010,108.72
07/19/2010,107.33
07/20/2010,100.82
07/21/2010,102.05
07/22/2010,96.63
07/23/2010,94.20
07/26/2010,90.63
07/27/2010,90.15
07/28/2010,91.21
07/29/2010,91.16
07/30/2010,90.29
08/02/2010,85.05
08/03/2010,86.03
08/04/2010,85.17
08/05/2010,85.76
08/06/2010,85.80
08/09/2010,84.34
08/10/2010,84.82
08/11/2010,91.76
08/12/2010,93.18
08/13/2010,95.21
08/16/2010,93.96
08/17/2010,91.01
08/18/2010,89.61
08/19/2010,92.40
08/20/2010,91.59
08/23/2010,89.98
08/24/2010,92.34
08/25/2010,90.44
08/26/2010,91.46
08/27/2010,85.89
08/30/2010,88.50
08/31/2010,86.93
09/01/2010,81.64
09/02/2010,79.62
09/03/2010,75.74
09/07/2010,77.98
09/08/2010,75.96
09/09/2010,75.24
09/10/2010,73.62
09/13/2010,69.99
09/14/2010,69.99
09/15/2010,68.62
09/16/2010,68.37
09/17/2010,68.28
09/20/2010,66.46
09/21/2010,66.70
09/22/2010,67.91
09/23/2010,70.02
09/24/2010,66.15
09/27/2010,66.46
09/28/2010,66.37
09/29/2010,67.41
09/30/2010,69.14
10/01/2010,67.73
10/04/2010,68.69
10/05/2010,65.32
10/06/2010,64.51
10/07/2010,64.06
10/08/2010,61.53
10/11/2010,59.99
10/12/2010,58.00
10/13/2010,56.64
10/14/2010,58.34
10/15/2010,57.82
10/18/2010,55.92
10/19/2010,57.30
10/20/2010,54.30
10/21/2010,52.88
10/22/2010,50.78
10/25/2010,50.39
10/26/2010,51.33
10/27/2010,52.30
10/28/2010,52.19
10/29/2010,52.15
11/01/2010,51.81
11/02/2010,50.65
11/03/2010,47.70
11/04/2010,44.71
11/05/2010,44.69
11/08/2010,44.95
11/09/2010,45.16
11/10/2010,44.69
11/11/2010,45.09
11/12/2010,47.77
11/15/2010,47.04
11/16/2010,49.07
11/17/2010,47.99
11/18/2010,44.69
11/19/2010,44.15
11/22/2010,42.68
11/23/2010,44.64
11/24/2010,42.71
11/26/2010,45.48
11/29/2010,45.92
11/30/2010,49.23
12/01/2010,46.74
12/02/2010,42.80
12/03/2010,41.14
12/06/2010,40.14
12/07/2010,39.99
12/08/2010,38.81
12/09/2010,38.06
12/10/2010,37.91
12/13/2010,38.39
12/14/2010,38.82
12/15/2010,39.49
12/16/2010,38.78
12/17/2010,38.15
12/20/2010,36.96
12/21/2010,36.24
12/22/2010,36.23
12/23/2010,37.32
12/27/2010,38.36
12/28/2010,38.55
12/29/2010,38.09
12/30/2010,37.81
12/31/2010,37.25
01/03/2011,36.62
01/04/2011,36.37
01/05/2011,35.69
01/06/2011,35.59
01/07/2011,35.73
01/10/2011,35.70
01/11/2011,34.59
01/12/2011,32.93
01/13/2011,32.70
01/14/2011,31.19
01/18/2011,30.27
01/19/2011,31.79
01/20/2011,31.62
01/21/2011,31.95
01/24/2011,31.19
01/25/2011,30.86
01/26/2011,29.80
01/27/2011,29.29
01/28/2011,32.31
01/31/2011,31.88
02/01/2011,30.22
02/02/2011,30.27
02/03/2011,29.83
02/04/2011,29.06
02/07/2011,28.48
02/08/2011,28.16
02/09/2011,28.22
02/10/2011,28.29
02/11/2011,27.89
02/14/2011,27.58
02/15/2011,27.89
02/16/2011,28.28
02/17/2011,28.52
02/18/2011,28.74
02/22/2011,32.47
02/23/2011,34.10
02/24/2011,33.57
02/25/2011,31.21
02/28/2011,29.81
03/01/2011,32.47
03/02/2011,32.32
03/03/2011,30.59
03/04/2011,31.20
03/07/2011,32.37
03/08/2011,31.67
03/09/2011,32.35
03/10/2011,33.79
03/11/2011,32.74
03/14/2011,33.14
03/15/2011,34.99
03/16/2011,37.15
03/17/2011,36.03
03/18/2011,34.84
03/21/2011,32.30
03/22/2011,32.16
03/23/2011,30.77
03/24/2011,29.96
03/25/2011,29.74
03/28/2011,30.52
03/29/2011,29.54
03/30/2011,29.08
03/31/2011,29.19
04/01/2011,28.82
04/04/2011,28.34
04/05/2011,28.16
04/06/2011,28.04
04/07/2011,28.25
04/08/2011,28.65
04/11/2011,28.34
04/12/2011,28.71
04/13/2011,28.20
04/14/2011,27.87
04/15/2011,27.05
04/18/2011,27.81
04/19/2011,26.28
04/20/2011,24.97
04/21/2011,24.62
04/25/2011,24.01
04/26/2011,23.76
04/27/2011,23.31
04/28/2011,22.94
04/29/2011,22.87
05/02/2011,23.56
05/03/2011,24.20
05/04/2011,24.50
05/05/2011,24.89
05/06/2011,24.62
05/09/2011,23.71
05/10/2011,22.80
05/11/2011,23.41
05/12/2011,22.96
05/13/2011,23.42
05/16/2011,23.96
05/17/2011,23.53
05/18/2011,22.71
05/19/2011,22.22
05/20/2011,22.72
05/23/2011,23.30
05/24/2011,23.01
05/25/2011,22.61
05/26/2011,21.98
05/27/2011,21.57
05/31/2011,20.93
06/01/2011,22.39
06/02/2011,22.18
06/03/2011,22.33
06/06/2011,22.59
06/07/2011,22.31
06/08/2011,22.61
06/09/2011,21.91
06/10/2011,22.72
06/13/2011,23.21
06/14/2011,22.25
06/15/2011,24.27
06/16/2011,25.43
06/17/2011,24.87
06/20/2011,23.73
06/21/2011,23.18
06/22/2011,23.57
06/23/2011,23.09
06/24/2011,24.32
06/27/2011,23.76
06/28/2011,22.63
06/29/2011,21.55
06/30/2011,20.74
07/01/2011,19.86
07/05/2011,19.95
07/06/2011,20.25
07/07/2011,19.69
07/08/2011,20.12
07/11/2011,21.77
07/12/2011,22.31
07/13/2011,22.43
07/14/2011,23.13
07/15/2011,22.62
07/18/2011,23.53
07/19/2011,22.09
07/20/2011,21.65
07/21/2011,20.53
07/22/2011,20.41
07/25/2011,21.52
07/26/2011,21.87
07/27/2011,23.52
07/28/2011,23.55
07/29/2011,23.14
08/01/2011,22.66
08/02/2011,24.31
08/03/2011,24.06
08/04/2011,29.21
08/05/2011,30.17
08/08/2011,35.92
08/09/2011,30.13
08/10/2011,34.51
08/11/2011,33.31
08/12/2011,33.48
08/15/2011,31.93
08/16/2011,32.24
08/17/2011,33.49
08/18/2011,39.93
08/19/2011,41.89
08/22/2011,43.52
08/23/2011,41.17
08/24/2011,40.38
08/25/2011,41.55
08/26/2011,40.63
08/29/2011,38.18
08/30/2011,39.23
08/31/2011,38.44
09/01/2011,39.06
09/02/2011,41.33
09/06/2011,42.58
09/07/2011,40.38
09/08/2011,41.46
09/09/2011,45.09
09/12/2011,45.46
09/13/2011,45.42
09/14/2011,43.82
09/15/2011,41.64
09/16/2011,40.82
09/19/2011,42.36
09/20/2011,42.16
09/21/2011,45.74
09/22/2011,49.27
09/23/2011,49.92
09/26/2011,47.93
09/27/2011,47.05
09/28/2011,50.23
09/29/2011,49.16
09/30/2011,53.29
10/03/2011,57.07
10/04/2011,52.54
10/05/2011,49.78
10/06/2011,49.13
10/07/2011,49.22
10/10/2011,45.70
10/11/2011,45.47
10/12/2011,42.64
10/13/2011,42.33
10/14/2011,39.73
10/17/2011,44.70
10/18/2011,42.05
10/19/2011,45.91
10/20/2011,46.23
10/21/2011,42.95
10/24/2011,40.56
10/25/2011,43.83
10/26/2011,41.52
10/27/2011,35.97
10/28/2011,35.89
10/31/2011,40.40
11/01/2011,45.34
11/02/2011,43.88
11/03/2011,41.90
11/04/2011,42.66
11/07/2011,42.42
11/08/2011,40.12
11/09/2011,48.13
11/10/2011,45.08
11/11/2011,43.08
11/14/2011,43.88
11/15/2011,43.81
11/16/2011,46.58
11/17/2011,48.15
11/18/2011,46.20
11/21/2011,47.05
11/22/2011,46.16
11/23/2011,47.97
11/25/2011,49.12
11/28/2011,45.82
11/29/2011,44.97
11/30/2011,41.09
12/01/2011,40.30
12/02/2011,40.06
12/05/2011,39.93
12/06/2011,40.31
12/07/2011,41.11
12/08/2011,43.21
12/09/2011,39.49
12/12/2011,40.17
12/13/2011,39.77
12/14/2011,39.97
12/15/2011,38.47
12/16/2011,38.35
12/19/2011,37.68
12/20/2011,35.27
12/21/2011,32.64
12/22/2011,33.44
12/23/2011,34.21
12/27/2011,33.89
12/28/2011,35.46
12/29/2011,34.53
12/30/2011,35.45
01/03/2012,33.21
01/04/2012,32.47
01/05/2012,31.91
01/06/2012,31.14
01/09/2012,30.84
01/10/2012,30.18
01/11/2012,30.86
01/12/2012,30.26
01/13/2012,30.70
01/17/2012,30.51
01/18/2012,29.56
01/19/2012,28.73
01/20/2012,27.87
01/23/2012,27.20
01/24/2012,27.04
01/25/2012,26.24
01/26/2012,26.22
01/27/2012,25.74
01/30/2012,26.32
01/31/2012,26.56
02/01/2012,25.48
02/02/2012,24.63
02/03/2012,23.46
02/06/2012,23.26
02/07/2012,23.54
02/08/2012,24.31
02/09/2012,25.39
02/10/2012,27.30
02/13/2012,25.26
02/14/2012,25.89
02/15/2012,27.97
02/16/2012,26.32
02/17/2012,26.12
02/21/2012,26.11
02/22/2012,25.28
02/23/2012,23.60
02/24/2012,24.67
02/27/2012,25.03
02/28/2012,24.32
02/29/2012,24.41
03/01/2012,23.47
03/02/2012,23.87
03/05/2012,23.70
03/06/2012,25.85
03/07/2012,24.15
03/08/2012,23.30
03/09/2012,22.71
03/12/2012,21.55
03/13/2012,20.77
03/14/2012,21.83
03/15/2012,21.39
03/16/2012,21.13
03/19/2012,19.62
03/20/2012,18.78
03/21/2012,17.79
03/22/2012,18.04
03/23/2012,16.73
03/26/2012,15.32
03/27/2012,17.09
03/28/2012,17.16
03/29/2012,16.75
03/30/2012,16.39
04/02/2012,16.44
04/03/2012,16.75
04/04/2012,17.35
04/05/2012,17.83
04/09/2012,18.79
04/10/2012,20.01
04/11/2012,19.67
04/12/2012,17.53
04/13/2012,19.05
04/16/2012,18.76
04/17/2012,17.51
04/18/2012,18.04
04/19/2012,17.91
04/20/2012,17.32
04/23/2012,18.06
04/24/2012,17.34
04/25/2012,16.35
04/26/2012,15.90
04/27/2012,15.88
04/30/2012,16.20
05/01/2012,15.82
05/02/2012,15.80
05/03/2012,16.36
05/04/2012,17.21
05/07/2012,16.70
05/08/2012,16.83
05/09/2012,17.55
05/10/2012,16.70
05/11/2012,17.31
05/14/2012,18.48
05/15/2012,19.16
05/16/2012,19.56
05/17/2012,20.98
05/18/2012,22.54
05/21/2012,19.54
05/22/2012,20.09
05/23/2012,19.97
05/24/2012,19.57
05/25/2012,19.76
05/29/2012,18.60
05/30/2012,20.55
05/31/2012,20.83
06/01/2012,22.22
06/04/2012,21.63
06/05/2012,20.68
06/06/2012,19.12
06/07/2012,18.92
06/08/2012,17.83
06/11/2012,19.86
06/12/2012,19.15
06/13/2012,20.12
06/14/2012,18.81
06/15/2012,17.71
06/18/2012,16.27
06/19/2012,16.32
06/20/2012,15.24
06/21/2012,17.36
06/22/2012,16.30
06/25/2012,16.71
06/26/2012,16.22
06/27/2012,16.18
06/28/2012,15.92
06/29/2012,14.74
07/02/2012,13.76
07/03/2012,13.44
07/05/2012,14.07
07/06/2012,13.78
07/09/2012,13.78
07/10/2012,14.30
07/11/2012,13.74
07/12/2012,13.85
07/13/2012,13.02
07/16/2012,12.97
07/17/2012,12.47
07/18/2012,12.54
07/19/2012,12.23
07/20/2012,12.86
07/23/2012,13.93
07/24/2012,14.61
07/25/2012,14.11
07/26/2012,12.89
07/27/2012,12.58
07/30/2012,13.11
07/31/2012,13.36
08/01/2012,13.21
08/02/2012,12.66
08/03/2012,11.75
08/06/2012,11.50
08/07/2012,11.98
08/08/2012,11.46
08/09/2012,11.30
08/10/2012,11.21
08/13/2012,10.98
08/14/2012,11.42
08/15/2012,11.39
08/16/2012,11.23
08/17/2012,10.87
08/20/2012,10.88
08/21/2012,11.17
08/22/2012,11.32
08/23/2012,11.50
08/24/2012,11.07
08/27/2012,11.20
08/28/2012,11.31
08/29/2012,11.46
08/30/2012,11.69
08/31/2012,11.25