Date,Days Left until 1st vix future expiry
3/26/2004,37
3/29/2004,36
3/30/2004,35
3/31/2004,34
4/1/2004,33
4/2/2004,32
4/5/2004,31
4/6/2004,30
4/7/2004,29
4/8/2004,28
4/12/2004,27
4/13/2004,26
4/14/2004,25
4/15/2004,24
4/16/2004,23
4/19/2004,22
4/20/2004,21
4/21/2004,20
4/22/2004,19
4/23/2004,18
4/26/2004,17
4/27/2004,16
4/28/2004,15
4/29/2004,14
4/30/2004,13
5/3/2004,12
5/4/2004,11
5/5/2004,10
5/6/2004,9
5/7/2004,8
5/10/2004,7
5/11/2004,6
5/12/2004,5
5/13/2004,4
5/14/2004,3
5/17/2004,2
5/18/2004,1
5/19/2004,18
5/20/2004,17
5/21/2004,16
5/24/2004,15
5/25/2004,14
5/26/2004,13
5/27/2004,12
5/28/2004,11
6/1/2004,10
6/2/2004,9
6/3/2004,8
6/4/2004,7
6/7/2004,6
6/8/2004,5
6/9/2004,4
6/10/2004,3
6/14/2004,2
6/15/2004,1
6/16/2004,19
6/17/2004,18
6/18/2004,17
6/21/2004,16
6/22/2004,15
6/23/2004,14
6/24/2004,13
6/25/2004,12
6/28/2004,11
6/29/2004,10
6/30/2004,9
7/1/2004,8
7/2/2004,7
7/6/2004,6
7/7/2004,5
7/8/2004,4
7/9/2004,3
7/12/2004,2
7/13/2004,1
7/14/2004,25
7/15/2004,24
7/16/2004,23
7/19/2004,22
7/20/2004,21
7/21/2004,20
7/22/2004,19
7/23/2004,18
7/26/2004,17
7/27/2004,16
7/28/2004,15
7/29/2004,14
7/30/2004,13
8/2/2004,12
8/3/2004,11
8/4/2004,10
8/5/2004,9
8/6/2004,8
8/9/2004,7
8/10/2004,6
8/11/2004,5
8/12/2004,4
8/13/2004,3
8/16/2004,2
8/17/2004,1
8/18/2004,19
8/19/2004,18
8/20/2004,17
8/23/2004,16
8/24/2004,15
8/25/2004,14
8/26/2004,13
8/27/2004,12
8/30/2004,11
8/31/2004,10
9/1/2004,9
9/2/2004,8
9/3/2004,7
9/7/2004,6
9/8/2004,5
9/9/2004,4
9/10/2004,3
9/13/2004,2
9/14/2004,1
9/15/2004,20
9/16/2004,19
9/17/2004,18
9/20/2004,17
9/21/2004,16
9/22/2004,15
9/23/2004,14
9/24/2004,13
09/27/2004,12
09/28/2004,11
09/29/2004,10
09/30/2004,9
10/01/2004,8
10/04/2004,7
10/05/2004,6
10/06/2004,5
10/07/2004,4
10/08/2004,3
10/11/2004,2
10/12/2004,1
10/13/2004,25
10/14/2004,24
10/15/2004,23
10/18/2004,22
10/19/2004,21
10/20/2004,20
10/21/2004,19
10/22/2004,18
10/25/2004,17
10/26/2004,16
10/27/2004,15
10/28/2004,14
10/29/2004,13
11/1/2004,12
11/2/2004,11
11/3/2004,10
11/4/2004,9
11/5/2004,8
11/8/2004,7
11/9/2004,6
11/10/2004,5
11/11/2004,4
11/12/2004,3
11/15/2004,2
11/16/2004,1
11/17/2004,42
11/18/2004,41
11/19/2004,40
11/22/2004,39
11/23/2004,38
11/24/2004,37
11/26/2004,36
11/29/2004,35
11/30/2004,34
12/1/2004,33
12/2/2004,32
12/3/2004,31
12/6/2004,30
12/7/2004,29
12/8/2004,28
12/9/2004,27
12/10/2004,26
12/13/2004,25
12/14/2004,24
12/15/2004,23
12/16/2004,22
12/17/2004,21
12/20/2004,20
12/21/2004,19
12/22/2004,18
12/23/2004,17
12/27/2004,16
12/28/2004,15
12/29/2004,14
12/30/2004,13
12/31/2004,12
1/3/2005,11
1/4/2005,10
1/5/2005,9
1/6/2005,8
1/7/2005,7
1/10/2005,6
1/11/2005,5
1/12/2005,4
1/13/2005,3
1/14/2005,2
1/18/2005,1
1/19/2005,20
1/20/2005,19
1/21/2005,18
1/24/2005,17
1/25/2005,16
1/26/2005,15
1/27/2005,14
1/28/2005,13
1/31/2005,12
2/1/2005,11
2/2/2005,10
2/3/2005,9
2/4/2005,8
2/7/2005,7
2/8/2005,6
2/9/2005,5
2/10/2005,4
2/11/2005,3
2/14/2005,2
2/15/2005,1
2/16/2005,19
02/17/2005,18
02/18/2005,17
02/22/2005,16
02/23/2005,15
02/24/2005,14
02/25/2005,13
02/28/2005,12
03/01/2005,11
03/02/2005,10
03/03/2005,9
03/04/2005,8
03/07/2005,7
03/08/2005,6
03/09/2005,5
03/10/2005,4
03/11/2005,3
03/14/2005,2
03/15/2005,1
03/16/2005,44
3/17/2005,43
3/18/2005,42
3/21/2005,41
3/22/2005,40
3/23/2005,39
3/24/2005,38
3/28/2005,37
3/29/2005,36
3/30/2005,35
3/31/2005,34
4/1/2005,33
4/4/2005,32
4/5/2005,31
4/6/2005,30
4/7/2005,29
4/8/2005,28
4/11/2005,27
4/12/2005,26
4/13/2005,25
4/14/2005,24
4/15/2005,23
4/18/2005,22
4/19/2005,21
4/20/2005,20
4/21/2005,19
4/22/2005,18
4/25/2005,17
4/26/2005,16
4/27/2005,15
4/28/2005,14
4/29/2005,13
5/2/2005,12
5/3/2005,11
5/4/2005,10
5/5/2005,9
5/6/2005,8
5/9/2005,7
5/10/2005,6
5/11/2005,5
5/12/2005,4
5/13/2005,3
5/16/2005,2
5/17/2005,1
5/18/2005,19
05/19/2005,18
05/20/2005,17
05/23/2005,16
05/24/2005,15
05/25/2005,14
05/26/2005,13
05/27/2005,12
05/31/2005,11
06/01/2005,10
06/02/2005,9
06/03/2005,8
06/06/2005,7
06/07/2005,6
06/08/2005,5
06/09/2005,4
06/10/2005,3
06/13/2005,2
06/14/2005,1
06/15/2005,44
06/16/2005,43
06/17/2005,42
06/20/2005,41
06/21/2005,40
06/22/2005,39
06/23/2005,38
06/24/2005,37
06/27/2005,36
06/28/2005,35
06/29/2005,34
06/30/2005,33
07/01/2005,32
07/05/2005,31
07/06/2005,30
07/07/2005,29
07/08/2005,28
07/11/2005,27
07/12/2005,26
07/13/2005,25
07/14/2005,24
07/15/2005,23
07/18/2005,22
07/19/2005,21
07/20/2005,20
07/21/2005,19
07/22/2005,18
07/25/2005,17
07/26/2005,16
07/27/2005,15
07/28/2005,14
07/29/2005,13
08/01/2005,12
08/02/2005,11
08/03/2005,10
08/04/2005,9
08/05/2005,8
08/08/2005,7
08/09/2005,6
08/10/2005,5
08/11/2005,4
08/12/2005,3
08/15/2005,2
08/16/2005,1
08/17/2005,44
08/18/2005,43
08/19/2005,42
08/22/2005,41
08/23/2005,40
08/24/2005,39
08/25/2005,38
08/26/2005,37
08/29/2005,36
08/30/2005,35
08/31/2005,34
09/01/2005,33
09/02/2005,32
09/06/2005,31
09/07/2005,30
09/08/2005,29
09/09/2005,28
09/12/2005,27
09/13/2005,26
09/14/2005,25
09/15/2005,24
09/16/2005,23
09/19/2005,22
09/20/2005,21
09/21/2005,20
09/22/2005,19
09/23/2005,18
09/26/2005,17
09/27/2005,16
09/28/2005,15
09/29/2005,14
09/30/2005,13
10/03/2005,12
10/04/2005,11
10/05/2005,10
10/06/2005,9
10/07/2005,8
10/10/2005,7
10/11/2005,6
10/12/2005,5
10/13/2005,4
10/14/2005,3
10/17/2005,2
10/18/2005,1
10/19/2005,20
10/20/2005,19
10/21/2005,18
10/24/2005,17
10/25/2005,16
10/26/2005,15
10/27/2005,14
10/28/2005,13
10/31/2005,12
11/01/2005,11
11/02/2005,10
11/03/2005,9
11/04/2005,8
11/07/2005,7
11/08/2005,6
11/09/2005,5
11/10/2005,4
11/11/2005,3
11/14/2005,2
11/15/2005,1
11/16/2005,24
11/17/2005,23
11/18/2005,22
11/21/2005,21
11/22/2005,20
11/23/2005,19
11/25/2005,18
11/28/2005,17
11/29/2005,16
11/30/2005,15
12/01/2005,14
12/02/2005,13
12/05/2005,12
12/06/2005,11
12/07/2005,10
12/08/2005,9
12/09/2005,8
12/12/2005,7
12/13/2005,6
12/14/2005,5
12/15/2005,4
12/16/2005,3
12/19/2005,2
12/20/2005,1
12/21/2005,17
12/22/2005,16
12/23/2005,15
12/27/2005,14
12/28/2005,13
12/29/2005,12
12/30/2005,11
01/03/2006,10
01/04/2006,9
01/05/2006,8
01/06/2006,7
01/09/2006,6
01/10/2006,5
01/11/2006,4
01/12/2006,3
01/13/2006,2
01/17/2006,1
01/18/2006,20
01/19/2006,19
01/20/2006,18
01/23/2006,17
01/24/2006,16
01/25/2006,15
01/26/2006,14
01/27/2006,13
01/30/2006,12
01/31/2006,11
02/01/2006,10
02/02/2006,9
02/03/2006,8
02/06/2006,7
02/07/2006,6
02/08/2006,5
02/09/2006,4
02/10/2006,3
02/13/2006,2
02/14/2006,1
02/15/2006,24
02/16/2006,23
02/17/2006,22
02/21/2006,21
02/22/2006,20
02/23/2006,19
02/24/2006,18
02/27/2006,17
02/28/2006,16
03/01/2006,15
03/02/2006,14
03/03/2006,13
03/06/2006,12
03/07/2006,11
03/08/2006,10
03/09/2006,9
03/10/2006,8
03/13/2006,7
03/14/2006,6
03/15/2006,5
03/16/2006,4
03/17/2006,3
03/20/2006,2
03/21/2006,1
03/22/2006,19
03/23/2006,18
03/24/2006,17
03/27/2006,16
03/28/2006,15
03/29/2006,14
03/30/2006,13
03/31/2006,12
04/03/2006,11
04/04/2006,10
04/05/2006,9
04/06/2006,8
04/07/2006,7
04/10/2006,6
04/11/2006,5
04/12/2006,4
04/13/2006,3
04/17/2006,2
04/18/2006,1
04/19/2006,20
04/20/2006,19
04/21/2006,18
04/24/2006,17
04/25/2006,16
04/26/2006,15
04/27/2006,14
04/28/2006,13
05/01/2006,12
05/02/2006,11
05/03/2006,10
05/04/2006,9
05/05/2006,8
05/08/2006,7
05/09/2006,6
05/10/2006,5
05/11/2006,4
05/12/2006,3
05/15/2006,2
05/16/2006,1
05/17/2006,24
05/18/2006,23
05/19/2006,22
05/22/2006,21
05/23/2006,20
05/24/2006,19
05/25/2006,18
05/26/2006,17
05/30/2006,16
05/31/2006,15
06/01/2006,14
06/02/2006,13
06/05/2006,12
06/06/2006,11
06/07/2006,10
06/08/2006,9
06/09/2006,8
06/12/2006,7
06/13/2006,6
06/14/2006,5
06/15/2006,4
06/16/2006,3
06/19/2006,2
06/20/2006,1
06/21/2006,19
06/22/2006,18
06/23/2006,17
06/26/2006,16
06/27/2006,15
06/28/2006,14
06/29/2006,13
06/30/2006,12
07/03/2006,11
07/05/2006,10
07/06/2006,9
07/07/2006,8
07/10/2006,7
07/11/2006,6
07/12/2006,5
07/13/2006,4
07/14/2006,3
07/17/2006,2
07/18/2006,1
07/19/2006,20
07/20/2006,19
07/21/2006,18
07/24/2006,17
07/25/2006,16
07/26/2006,15
07/27/2006,14
07/28/2006,13
07/31/2006,12
08/01/2006,11
08/02/2006,10
08/03/2006,9
08/04/2006,8
08/07/2006,7
08/08/2006,6
08/09/2006,5
08/10/2006,4
08/11/2006,3
08/14/2006,2
08/15/2006,1
08/16/2006,24
08/17/2006,23
08/18/2006,22
08/21/2006,21
08/22/2006,20
08/23/2006,19
08/24/2006,18
08/25/2006,17
08/28/2006,16
08/29/2006,15
08/30/2006,14
08/31/2006,13
09/01/2006,12
09/05/2006,11
09/06/2006,10
09/07/2006,9
09/08/2006,8
09/11/2006,7
09/12/2006,6
09/13/2006,5
09/14/2006,4
09/15/2006,3
09/18/2006,2
09/19/2006,1
09/20/2006,20
09/21/2006,19
09/22/2006,18
09/25/2006,17
09/26/2006,16
09/27/2006,15
09/28/2006,14
09/29/2006,13
10/02/2006,12
10/03/2006,11
10/04/2006,10
10/05/2006,9
10/06/2006,8
10/09/2006,7
10/10/2006,6
10/11/2006,5
10/12/2006,4
10/13/2006,3
10/16/2006,2
10/17/2006,1
10/18/2006,20
10/19/2006,19
10/20/2006,18
10/23/2006,17
10/24/2006,16
10/25/2006,15
10/26/2006,14
10/27/2006,13
10/30/2006,12
10/31/2006,11
11/01/2006,10
11/02/2006,9
11/03/2006,8
11/06/2006,7
11/07/2006,6
11/08/2006,5
11/09/2006,4
11/10/2006,3
11/13/2006,2
11/14/2006,1
11/15/2006,24
11/16/2006,23
11/17/2006,22
11/20/2006,21
11/21/2006,20
11/22/2006,19
11/24/2006,18
11/27/2006,17
11/28/2006,16
11/29/2006,15
11/30/2006,14
12/01/2006,13
12/04/2006,12
12/05/2006,11
12/06/2006,10
12/07/2006,9
12/08/2006,8
12/11/2006,7
12/12/2006,6
12/13/2006,5
12/14/2006,4
12/15/2006,3
12/18/2006,2
12/19/2006,1
12/20/2006,16
12/21/2006,15
12/22/2006,14
12/26/2006,13
12/27/2006,12
12/28/2006,11
12/29/2006,10
01/03/2007,9
01/04/2007,8
01/05/2007,7
01/08/2007,6
01/09/2007,5
01/10/2007,4
01/11/2007,3
01/12/2007,2
01/16/2007,1
01/17/2007,20
01/18/2007,19
01/19/2007,18
01/22/2007,17
01/23/2007,16
01/24/2007,15
01/25/2007,14
01/26/2007,13
01/29/2007,12
01/30/2007,11
01/31/2007,10
02/01/2007,9
02/02/2007,8
02/05/2007,7
02/06/2007,6
02/07/2007,5
02/08/2007,4
02/09/2007,3
02/12/2007,2
02/13/2007,1
02/14/2007,24
02/15/2007,23
02/16/2007,22
02/20/2007,21
02/21/2007,20
02/22/2007,19
02/23/2007,18
02/26/2007,17
02/27/2007,16
02/28/2007,15
03/01/2007,14
03/02/2007,13
03/05/2007,12
03/06/2007,11
03/07/2007,10
03/08/2007,9
03/09/2007,8
03/12/2007,7
03/13/2007,6
03/14/2007,5
03/15/2007,4
03/16/2007,3
03/19/2007,2
03/20/2007,1
03/21/2007,19
03/22/2007,18
03/23/2007,17
03/26/2007,16
03/27/2007,15
03/28/2007,14
03/29/2007,13
03/30/2007,12
04/02/2007,11
04/03/2007,10
04/04/2007,9
04/05/2007,8
04/09/2007,7
04/10/2007,6
04/11/2007,5
04/12/2007,4
04/13/2007,3
04/16/2007,2
04/17/2007,1
04/18/2007,20
04/19/2007,19
04/20/2007,18
04/23/2007,17
04/24/2007,16
04/25/2007,15
04/26/2007,14
04/27/2007,13
04/30/2007,12
05/01/2007,11
05/02/2007,10
05/03/2007,9
05/04/2007,8
05/07/2007,7
05/08/2007,6
05/09/2007,5
05/10/2007,4
05/11/2007,3
05/14/2007,2
05/15/2007,1
05/16/2007,24
05/17/2007,23
05/18/2007,22
05/21/2007,21
05/22/2007,20
05/23/2007,19
05/24/2007,18
05/25/2007,17
05/29/2007,16
05/30/2007,15
05/31/2007,14
06/01/2007,13
06/04/2007,12
06/05/2007,11
06/06/2007,10
06/07/2007,9
06/08/2007,8
06/11/2007,7
06/12/2007,6
06/13/2007,5
06/14/2007,4
06/15/2007,3
06/18/2007,2
06/19/2007,1
06/20/2007,19
06/21/2007,18
06/22/2007,17
06/25/2007,16
06/26/2007,15
06/27/2007,14
06/28/2007,13
06/29/2007,12
07/02/2007,11
07/03/2007,10
07/05/2007,9
07/06/2007,8
07/09/2007,7
07/10/2007,6
07/11/2007,5
07/12/2007,4
07/13/2007,3
07/16/2007,2
07/17/2007,1
07/18/2007,25
07/19/2007,24
07/20/2007,23
07/23/2007,22
07/24/2007,21
07/25/2007,20
07/26/2007,19
07/27/2007,18
07/30/2007,17
07/31/2007,16
08/01/2007,15
08/02/2007,14
08/03/2007,13
08/06/2007,12
08/07/2007,11
08/08/2007,10
08/09/2007,9
08/10/2007,8
08/13/2007,7
08/14/2007,6
08/15/2007,5
08/16/2007,4
08/17/2007,3
08/20/2007,2
08/21/2007,1
08/22/2007,19
08/23/2007,18
08/24/2007,17
08/27/2007,16
08/28/2007,15
08/29/2007,14
08/30/2007,13
08/31/2007,12
09/04/2007,11
09/05/2007,10
09/06/2007,9
09/07/2007,8
09/10/2007,7
09/11/2007,6
09/12/2007,5
09/13/2007,4
09/14/2007,3
09/17/2007,2
09/18/2007,1
09/19/2007,20
09/20/2007,19
09/21/2007,18
09/24/2007,17
09/25/2007,16
09/26/2007,15
09/27/2007,14
09/28/2007,13
10/01/2007,12
10/02/2007,11
10/03/2007,10
10/04/2007,9
10/05/2007,8
10/08/2007,7
10/09/2007,6
10/10/2007,5
10/11/2007,4
10/12/2007,3
10/15/2007,2
10/16/2007,1
10/17/2007,25
10/18/2007,24
10/19/2007,23
10/22/2007,22
10/23/2007,21
10/24/2007,20
10/25/2007,19
10/26/2007,18
10/29/2007,17
10/30/2007,16
10/31/2007,15
11/01/2007,14
11/02/2007,13
11/05/2007,12
11/06/2007,11
11/07/2007,10
11/08/2007,9
11/09/2007,8
11/12/2007,7
11/13/2007,6
11/14/2007,5
11/15/2007,4
11/16/2007,3
11/19/2007,2
11/20/2007,1
11/21/2007,19
11/23/2007,18
11/26/2007,17
11/27/2007,16
11/28/2007,15
11/29/2007,14
11/30/2007,13
12/03/2007,12
12/04/2007,11
12/05/2007,10
12/06/2007,9
12/07/2007,8
12/10/2007,7
12/11/2007,6
12/12/2007,5
12/13/2007,4
12/14/2007,3
12/17/2007,2
12/18/2007,1
12/19/2007,18
12/20/2007,17
12/21/2007,16
12/24/2007,15
12/26/2007,14
12/27/2007,13
12/28/2007,12
12/31/2007,11
01/02/2008,10
01/03/2008,9
01/04/2008,8
01/07/2008,7
01/08/2008,6
01/09/2008,5
01/10/2008,4
01/11/2008,3
01/14/2008,2
01/15/2008,1
01/16/2008,22
01/17/2008,21
01/18/2008,20
01/22/2008,19
01/23/2008,18
01/24/2008,17
01/25/2008,16
01/28/2008,15
01/29/2008,14
01/30/2008,13
01/31/2008,12
02/01/2008,11
02/04/2008,10
02/05/2008,9
02/06/2008,8
02/07/2008,7
02/08/2008,6
02/11/2008,5
02/12/2008,4
02/13/2008,3
02/14/2008,2
02/15/2008,1
02/19/2008,21
02/20/2008,20
02/21/2008,19
02/22/2008,18
02/25/2008,17
02/26/2008,16
02/27/2008,15
02/28/2008,14
02/29/2008,13
03/03/2008,12
03/04/2008,11
03/05/2008,10
03/06/2008,9
03/07/2008,8
03/10/2008,7
03/11/2008,6
03/12/2008,5
03/13/2008,4
03/14/2008,3
03/17/2008,2
03/18/2008,1
03/19/2008,19
03/20/2008,18
03/24/2008,17
03/25/2008,16
03/26/2008,15
03/27/2008,14
03/28/2008,13
03/31/2008,12
04/01/2008,11
04/02/2008,10
04/03/2008,9
04/04/2008,8
04/07/2008,7
04/08/2008,6
04/09/2008,5
04/10/2008,4
04/11/2008,3
04/14/2008,2
04/15/2008,1
04/16/2008,25
04/17/2008,24
04/18/2008,23
04/21/2008,22
04/22/2008,21
04/23/2008,20
04/24/2008,19
04/25/2008,18
04/28/2008,17
04/29/2008,16
04/30/2008,15
05/01/2008,14
05/02/2008,13
05/05/2008,12
05/06/2008,11
05/07/2008,10
05/08/2008,9
05/09/2008,8
05/12/2008,7
05/13/2008,6
05/14/2008,5
05/15/2008,4
05/16/2008,3
05/19/2008,2
05/20/2008,1
05/21/2008,19
05/22/2008,18
05/23/2008,17
05/27/2008,16
05/28/2008,15
05/29/2008,14
05/30/2008,13
06/02/2008,12
06/03/2008,11
06/04/2008,10
06/05/2008,9
06/06/2008,8
06/09/2008,7
06/10/2008,6
06/11/2008,5
06/12/2008,4
06/13/2008,3
06/16/2008,2
06/17/2008,1
06/18/2008,19
06/19/2008,18
06/20/2008,17
06/23/2008,16
06/24/2008,15
06/25/2008,14
06/26/2008,13
06/27/2008,12
06/30/2008,11
07/01/2008,10
07/02/2008,9
07/03/2008,8
07/07/2008,7
07/08/2008,6
07/09/2008,5
07/10/2008,4
07/11/2008,3
07/14/2008,2
07/15/2008,1
07/16/2008,25
07/17/2008,24
07/18/2008,23
07/21/2008,22
07/22/2008,21
07/23/2008,20
07/24/2008,19
07/25/2008,18
07/28/2008,17
07/29/2008,16
07/30/2008,15
07/31/2008,14
08/01/2008,13
08/04/2008,12
08/05/2008,11
08/06/2008,10
08/07/2008,9
08/08/2008,8
08/11/2008,7
08/12/2008,6
08/13/2008,5
08/14/2008,4
08/15/2008,3
08/18/2008,2
08/19/2008,1
08/20/2008,19
08/21/2008,18
08/22/2008,17
08/25/2008,16
08/26/2008,15
08/27/2008,14
08/28/2008,13
08/29/2008,12
09/02/2008,11
09/03/2008,10
09/04/2008,9
09/05/2008,8
09/08/2008,7
09/09/2008,6
09/10/2008,5
09/11/2008,4
09/12/2008,3
09/15/2008,2
09/16/2008,1
09/17/2008,25
09/18/2008,24
09/19/2008,23
09/22/2008,22
09/23/2008,21
09/24/2008,20
09/25/2008,19
09/26/2008,18
09/29/2008,17
09/30/2008,16
10/01/2008,15
10/02/2008,14
10/03/2008,13
10/06/2008,12
10/07/2008,11
10/08/2008,10
10/09/2008,9
10/10/2008,8
10/13/2008,7
10/14/2008,6
10/15/2008,5
10/16/2008,4
10/17/2008,3
10/20/2008,2
10/21/2008,1
10/22/2008,20
10/23/2008,19
10/24/2008,18
10/27/2008,17
10/28/2008,16
10/29/2008,15
10/30/2008,14
10/31/2008,13
11/03/2008,12
11/04/2008,11
11/05/2008,10
11/06/2008,9
11/07/2008,8
11/10/2008,7
11/11/2008,6
11/12/2008,5
11/13/2008,4
11/14/2008,3
11/17/2008,2
11/18/2008,1
11/19/2008,19
11/20/2008,18
11/21/2008,17
11/24/2008,16
11/25/2008,15
11/26/2008,14
11/28/2008,13
12/01/2008,12
12/02/2008,11
12/03/2008,10
12/04/2008,9
12/05/2008,8
12/08/2008,7
12/09/2008,6
12/10/2008,5
12/11/2008,4
12/12/2008,3
12/15/2008,2
12/16/2008,1
12/17/2008,22
12/18/2008,21
12/19/2008,20
12/22/2008,19
12/23/2008,18
12/24/2008,17
12/26/2008,16
12/29/2008,15
12/30/2008,14
12/31/2008,13
01/02/2009,12
01/05/2009,11
01/06/2009,10
01/07/2009,9
01/08/2009,8
01/09/2009,7
01/12/2009,6
01/13/2009,5
01/14/2009,4
01/15/2009,3
01/16/2009,2
01/20/2009,1
01/21/2009,19
01/22/2009,18
01/23/2009,17
01/26/2009,16
01/27/2009,15
01/28/2009,14
01/29/2009,13
01/30/2009,12
02/02/2009,11
02/03/2009,10
02/04/2009,9
02/05/2009,8
02/06/2009,7
02/09/2009,6
02/10/2009,5
02/11/2009,4
02/12/2009,3
02/13/2009,2
02/17/2009,1
02/18/2009,20
02/19/2009,19
02/20/2009,18
02/23/2009,17
02/24/2009,16
02/25/2009,15
02/26/2009,14
02/27/2009,13
03/02/2009,12
03/03/2009,11
03/04/2009,10
03/05/2009,9
03/06/2009,8
03/09/2009,7
03/10/2009,6
03/11/2009,5
03/12/2009,4
03/13/2009,3
03/16/2009,2
03/17/2009,1
03/18/2009,19
03/19/2009,18
03/20/2009,17
03/23/2009,16
03/24/2009,15
03/25/2009,14
03/26/2009,13
03/27/2009,12
03/30/2009,11
03/31/2009,10
04/01/2009,9
04/02/2009,8
04/03/2009,7
04/06/2009,6
04/07/2009,5
04/08/2009,4
04/09/2009,3
04/13/2009,2
04/14/2009,1
04/15/2009,25
04/16/2009,24
04/17/2009,23
04/20/2009,22
04/21/2009,21
04/22/2009,20
04/23/2009,19
04/24/2009,18
04/27/2009,17
04/28/2009,16
04/29/2009,15
04/30/2009,14
05/01/2009,13
05/04/2009,12
05/05/2009,11
05/06/2009,10
05/07/2009,9
05/08/2009,8
05/11/2009,7
05/12/2009,6
05/13/2009,5
05/14/2009,4
05/15/2009,3
05/18/2009,2
05/19/2009,1
05/20/2009,19
05/21/2009,18
05/22/2009,17
05/26/2009,16
05/27/2009,15
05/28/2009,14
05/29/2009,13
06/01/2009,12
06/02/2009,11
06/03/2009,10
06/04/2009,9
06/05/2009,8
06/08/2009,7
06/09/2009,6
06/10/2009,5
06/11/2009,4
06/12/2009,3
06/15/2009,2
06/16/2009,1
06/17/2009,24
06/18/2009,23
06/19/2009,22
06/22/2009,21
06/23/2009,20
06/24/2009,19
06/25/2009,18
06/26/2009,17
06/29/2009,16
06/30/2009,15
07/01/2009,14
07/02/2009,13
07/06/2009,12
07/07/2009,11
07/08/2009,10
07/09/2009,9
07/10/2009,8
07/13/2009,7
07/14/2009,6
07/15/2009,5
07/16/2009,4
07/17/2009,3
07/20/2009,2
07/21/2009,1
07/22/2009,20
07/23/2009,19
07/24/2009,18
07/27/2009,17
07/28/2009,16
07/29/2009,15
07/30/2009,14
07/31/2009,13
08/03/2009,12
08/04/2009,11
08/05/2009,10
08/06/2009,9
08/07/2009,8
08/10/2009,7
08/11/2009,6
08/12/2009,5
08/13/2009,4
08/14/2009,3
08/17/2009,2
08/18/2009,1
08/19/2009,19
08/20/2009,18
08/21/2009,17
08/24/2009,16
08/25/2009,15
08/26/2009,14
08/27/2009,13
08/28/2009,12
08/31/2009,11
09/01/2009,10
09/02/2009,9
09/03/2009,8
09/04/2009,7
09/08/2009,6
09/09/2009,5
09/10/2009,4
09/11/2009,3
09/14/2009,2
09/15/2009,1
09/16/2009,25
09/17/2009,24
09/18/2009,23
09/21/2009,22
09/22/2009,21
09/23/2009,20
09/24/2009,19
09/25/2009,18
09/28/2009,17
09/29/2009,16
09/30/2009,15
10/01/2009,14
10/02/2009,13
10/05/2009,12
10/06/2009,11
10/07/2009,10
10/08/2009,9
10/09/2009,8
10/12/2009,7
10/13/2009,6
10/14/2009,5
10/15/2009,4
10/16/2009,3
10/19/2009,2
10/20/2009,1
10/21/2009,20
10/22/2009,19
10/23/2009,18
10/26/2009,17
10/27/2009,16
10/28/2009,15
10/29/2009,14
10/30/2009,13
11/02/2009,12
11/03/2009,11
11/04/2009,10
11/05/2009,9
11/06/2009,8
11/09/2009,7
11/10/2009,6
11/11/2009,5
11/12/2009,4
11/13/2009,3
11/16/2009,2
11/17/2009,1
11/18/2009,19
11/19/2009,18
11/20/2009,17
11/23/2009,16
11/24/2009,15
11/25/2009,14
11/27/2009,13
11/30/2009,12
12/01/2009,11
12/02/2009,10
12/03/2009,9
12/04/2009,8
12/07/2009,7
12/08/2009,6
12/09/2009,5
12/10/2009,4
12/11/2009,3
12/14/2009,2
12/15/2009,1
12/16/2009,22
12/17/2009,21
12/18/2009,20
12/21/2009,19
12/22/2009,18
12/23/2009,17
12/24/2009,16
12/28/2009,15
12/29/2009,14
12/30/2009,13
12/31/2009,12
01/04/2010,11
01/05/2010,10
01/06/2010,9
01/07/2010,8
01/08/2010,7
01/11/2010,6
01/12/2010,5
01/13/2010,4
01/14/2010,3
01/15/2010,2
01/19/2010,1
01/20/2010,19
01/21/2010,18
01/22/2010,17
01/25/2010,16
01/26/2010,15
01/27/2010,14
01/28/2010,13
01/29/2010,12
02/01/2010,11
02/02/2010,10
02/03/2010,9
02/04/2010,8
02/05/2010,7
02/08/2010,6
02/09/2010,5
02/10/2010,4
02/11/2010,3
02/12/2010,2
02/16/2010,1
02/17/2010,20
02/18/2010,19
02/19/2010,18
02/22/2010,17
02/23/2010,16
02/24/2010,15
02/25/2010,14
02/26/2010,13
03/01/2010,12
03/02/2010,11
03/03/2010,10
03/04/2010,9
03/05/2010,8
03/08/2010,7
03/09/2010,6
03/10/2010,5
03/11/2010,4
03/12/2010,3
03/15/2010,2
03/16/2010,1
03/17/2010,24
03/18/2010,23
03/19/2010,22
03/22/2010,21
03/23/2010,20
03/24/2010,19
03/25/2010,18
03/26/2010,17
03/29/2010,16
03/30/2010,15
03/31/2010,14
04/01/2010,13
04/05/2010,12
04/06/2010,11
04/07/2010,10
04/08/2010,9
04/09/2010,8
04/12/2010,7
04/13/2010,6
04/14/2010,5
04/15/2010,4
04/16/2010,3
04/19/2010,2
04/20/2010,1
04/21/2010,20
04/22/2010,19
04/23/2010,18
04/26/2010,17
04/27/2010,16
04/28/2010,15
04/29/2010,14
04/30/2010,13
05/03/2010,12
05/04/2010,11
05/05/2010,10
05/06/2010,9
05/07/2010,8
05/10/2010,7
05/11/2010,6
05/12/2010,5
05/13/2010,4
05/14/2010,3
05/17/2010,2
05/18/2010,1
05/19/2010,19
05/20/2010,18
05/21/2010,17
05/24/2010,16
05/25/2010,15
05/26/2010,14
05/27/2010,13
05/28/2010,12
06/01/2010,11
06/02/2010,10
06/03/2010,9
06/04/2010,8
06/07/2010,7
06/08/2010,6
06/09/2010,5
06/10/2010,4
06/11/2010,3
06/14/2010,2
06/15/2010,1
06/16/2010,24
06/17/2010,23
06/18/2010,22
06/21/2010,21
06/22/2010,20
06/23/2010,19
06/24/2010,18
06/25/2010,17
06/28/2010,16
06/29/2010,15
06/30/2010,14
07/01/2010,13
07/02/2010,12
07/06/2010,11
07/07/2010,10
07/08/2010,9
07/09/2010,8
07/12/2010,7
07/13/2010,6
07/14/2010,5
07/15/2010,4
07/16/2010,3
07/19/2010,2
07/20/2010,1
07/21/2010,20
07/22/2010,19
07/23/2010,18
07/26/2010,17
07/27/2010,16
07/28/2010,15
07/29/2010,14
07/30/2010,13
08/02/2010,12
08/03/2010,11
08/04/2010,10
08/05/2010,9
08/06/2010,8
08/09/2010,7
08/10/2010,6
08/11/2010,5
08/12/2010,4
08/13/2010,3
08/16/2010,2
08/17/2010,1
08/18/2010,19
08/19/2010,18
08/20/2010,17
08/23/2010,16
08/24/2010,15
08/25/2010,14
08/26/2010,13
08/27/2010,12
08/30/2010,11
08/31/2010,10
09/01/2010,9
09/02/2010,8
09/03/2010,7
09/07/2010,6
09/08/2010,5
09/09/2010,4
09/10/2010,3
09/13/2010,2
09/14/2010,1
09/15/2010,25
09/16/2010,24
09/17/2010,23
09/20/2010,22
09/21/2010,21
09/22/2010,20
09/23/2010,19
09/24/2010,18
09/27/2010,17
09/28/2010,16
09/29/2010,15
09/30/2010,14
10/01/2010,13
10/04/2010,12
10/05/2010,11
10/06/2010,10
10/07/2010,9
10/08/2010,8
10/11/2010,7
10/12/2010,6
10/13/2010,5
10/14/2010,4
10/15/2010,3
10/18/2010,2
10/19/2010,1
10/20/2010,20
10/21/2010,19
10/22/2010,18
10/25/2010,17
10/26/2010,16
10/27/2010,15
10/28/2010,14
10/29/2010,13
11/01/2010,12
11/02/2010,11
11/03/2010,10
11/04/2010,9
11/05/2010,8
11/08/2010,7
11/09/2010,6
11/10/2010,5
11/11/2010,4
11/12/2010,3
11/15/2010,2
11/16/2010,1
11/17/2010,24
11/18/2010,23
11/19/2010,22
11/22/2010,21
11/23/2010,20
11/24/2010,19
11/26/2010,18
11/29/2010,17
11/30/2010,16
12/01/2010,15
12/02/2010,14
12/03/2010,13
12/06/2010,12
12/07/2010,11
12/08/2010,10
12/09/2010,9
12/10/2010,8
12/13/2010,7
12/14/2010,6
12/15/2010,5
12/16/2010,4
12/17/2010,3
12/20/2010,2
12/21/2010,1
12/22/2010,18
12/23/2010,17
12/27/2010,16
12/28/2010,15
12/29/2010,14
12/30/2010,13
12/31/2010,12
01/03/2011,11
01/04/2011,10
01/05/2011,9
01/06/2011,8
01/07/2011,7
01/10/2011,6
01/11/2011,5
01/12/2011,4
01/13/2011,3
01/14/2011,2
01/18/2011,1
01/19/2011,20
01/20/2011,19
01/21/2011,18
01/24/2011,17
01/25/2011,16
01/26/2011,15
01/27/2011,14
01/28/2011,13
01/31/2011,12
02/01/2011,11
02/02/2011,10
02/03/2011,9
02/04/2011,8
02/07/2011,7
02/08/2011,6
02/09/2011,5
02/10/2011,4
02/11/2011,3
02/14/2011,2
02/15/2011,1
02/16/2011,19
02/17/2011,18
02/18/2011,17
02/22/2011,16
02/23/2011,15
02/24/2011,14
02/25/2011,13
02/28/2011,12
03/01/2011,11
03/02/2011,10
03/03/2011,9
03/04/2011,8
03/07/2011,7
03/08/2011,6
03/09/2011,5
03/10/2011,4
03/11/2011,3
03/14/2011,2
03/15/2011,1
03/16/2011,25
03/17/2011,24
03/18/2011,23
03/21/2011,22
03/22/2011,21
03/23/2011,20
03/24/2011,19
03/25/2011,18
03/28/2011,17
03/29/2011,16
03/30/2011,15
03/31/2011,14
04/01/2011,13
04/04/2011,12
04/05/2011,11
04/06/2011,10
04/07/2011,9
04/08/2011,8
04/11/2011,7
04/12/2011,6
04/13/2011,5
04/14/2011,4
04/15/2011,3
04/18/2011,2
04/19/2011,1
04/20/2011,19
04/21/2011,18
04/25/2011,17
04/26/2011,16
04/27/2011,15
04/28/2011,14
04/29/2011,13
05/02/2011,12
05/03/2011,11
05/04/2011,10
05/05/2011,9
05/06/2011,8
05/09/2011,7
05/10/2011,6
05/11/2011,5
05/12/2011,4
05/13/2011,3
05/16/2011,2
05/17/2011,1
05/18/2011,19
05/19/2011,18
05/20/2011,17
05/23/2011,16
05/24/2011,15
05/25/2011,14
05/26/2011,13
05/27/2011,12
05/31/2011,11
06/01/2011,10
06/02/2011,9
06/03/2011,8
06/06/2011,7
06/07/2011,6
06/08/2011,5
06/09/2011,4
06/10/2011,3
06/13/2011,2
06/14/2011,1
06/15/2011,24
06/16/2011,23
06/17/2011,22
06/20/2011,21
06/21/2011,20
06/22/2011,19
06/23/2011,18
06/24/2011,17
06/27/2011,16
06/28/2011,15
06/29/2011,14
06/30/2011,13
07/01/2011,12
07/05/2011,11
07/06/2011,10
07/07/2011,9
07/08/2011,8
07/11/2011,7
07/12/2011,6
07/13/2011,5
07/14/2011,4
07/15/2011,3
07/18/2011,2
07/19/2011,1
07/20/2011,20
07/21/2011,19
07/22/2011,18
07/25/2011,17
07/26/2011,16
07/27/2011,15
07/28/2011,14
07/29/2011,13
08/01/2011,12
08/02/2011,11
08/03/2011,10
08/04/2011,9
08/05/2011,8
08/08/2011,7
08/09/2011,6
08/10/2011,5
08/11/2011,4
08/12/2011,3
08/15/2011,2
08/16/2011,1
08/17/2011,24
08/18/2011,23
08/19/2011,22
08/22/2011,21
08/23/2011,20
08/24/2011,19
08/25/2011,18
08/26/2011,17
08/29/2011,16
08/30/2011,15
08/31/2011,14
09/01/2011,13
09/02/2011,12
09/06/2011,11
09/07/2011,10
09/08/2011,9
09/09/2011,8
09/12/2011,7
09/13/2011,6
09/14/2011,5
09/15/2011,4
09/16/2011,3
09/19/2011,2
09/20/2011,1
09/21/2011,20
09/22/2011,19
09/23/2011,18
09/26/2011,17
09/27/2011,16
09/28/2011,15
09/29/2011,14
09/30/2011,13
10/03/2011,12
10/04/2011,11
10/05/2011,10
10/06/2011,9
10/07/2011,8
10/10/2011,7
10/11/2011,6
10/12/2011,5
10/13/2011,4
10/14/2011,3
10/17/2011,2
10/18/2011,1
10/19/2011,20
10/20/2011,19
10/21/2011,18
10/24/2011,17
10/25/2011,16
10/26/2011,15
10/27/2011,14
10/28/2011,13
10/31/2011,12
11/01/2011,11
11/02/2011,10
11/03/2011,9
11/04/2011,8
11/07/2011,7
11/08/2011,6
11/09/2011,5
11/10/2011,4
11/11/2011,3
11/14/2011,2
11/15/2011,1
11/16/2011,25
11/17/2011,24
11/18/2011,23
11/21/2011,22
11/22/2011,21
11/23/2011,20
11/25/2011,19
11/28/2011,18
11/29/2011,17
11/30/2011,16
12/01/2011,15
12/02/2011,14
12/05/2011,13
12/06/2011,12
12/07/2011,11
12/08/2011,10
12/09/2011,9
12/12/2011,8
12/13/2011,7
12/14/2011,6
12/15/2011,5
12/16/2011,4
12/19/2011,3
12/20/2011,2
12/21/2011,1
12/22/2011,16
12/23/2011,15
12/27/2011,14
12/28/2011,13
12/29/2011,12
12/30/2011,11
01/03/2012,10
01/04/2012,9
01/05/2012,8
01/06/2012,7
01/09/2012,6
01/10/2012,5
01/11/2012,4
01/12/2012,3
01/13/2012,2
01/17/2012,1
01/18/2012,20
01/19/2012,19
01/20/2012,18
01/23/2012,17
01/24/2012,16
01/25/2012,15
01/26/2012,14
01/27/2012,13
01/30/2012,12
01/31/2012,11
02/01/2012,10
02/02/2012,9
02/03/2012,8
02/06/2012,7
02/07/2012,6
02/08/2012,5
02/09/2012,4
02/10/2012,3
02/13/2012,2
02/14/2012,1
02/15/2012,24
02/16/2012,23
02/17/2012,22
02/21/2012,21
02/22/2012,20
02/23/2012,19
02/24/2012,18
02/27/2012,17
02/28/2012,16
02/29/2012,15
03/01/2012,14
03/02/2012,13
03/05/2012,12
03/06/2012,11
03/07/2012,10
03/08/2012,9
03/09/2012,8
03/12/2012,7
03/13/2012,6
03/14/2012,5
03/15/2012,4
03/16/2012,3
03/19/2012,2
03/20/2012,1
03/21/2012,19
03/22/2012,18
03/23/2012,17
03/26/2012,16
03/27/2012,15
03/28/2012,14
03/29/2012,13
03/30/2012,12
04/02/2012,11
04/03/2012,10
04/04/2012,9
04/05/2012,8
04/09/2012,7
04/10/2012,6
04/11/2012,5
04/12/2012,4
04/13/2012,3
04/16/2012,2
04/17/2012,1
04/18/2012,20
04/19/2012,19
04/20/2012,18
04/23/2012,17
04/24/2012,16
04/25/2012,15
04/26/2012,14
04/27/2012,13
04/30/2012,12
05/01/2012,11
05/02/2012,10
05/03/2012,9
05/04/2012,8
05/07/2012,7
05/08/2012,6
05/09/2012,5
05/10/2012,4
05/11/2012,3
05/14/2012,2
05/15/2012,1
05/16/2012,24
05/17/2012,23
05/18/2012,22
05/21/2012,21
05/22/2012,20
05/23/2012,19
05/24/2012,18
05/25/2012,17
05/29/2012,16
05/30/2012,15
05/31/2012,14
06/01/2012,13
06/04/2012,12
06/05/2012,11
06/06/2012,10
06/07/2012,9
06/08/2012,8
06/11/2012,7
06/12/2012,6
06/13/2012,5
06/14/2012,4
06/15/2012,3
06/18/2012,2
06/19/2012,1
06/20/2012,19
06/21/2012,18
06/22/2012,17
06/25/2012,16
06/26/2012,15
06/27/2012,14
06/28/2012,13
06/29/2012,12
07/02/2012,11
07/03/2012,10
07/05/2012,9
07/06/2012,8
07/09/2012,7
07/10/2012,6
07/11/2012,5
07/12/2012,4
07/13/2012,3
07/16/2012,2
07/17/2012,1
07/18/2012,25
07/19/2012,24
07/20/2012,23
07/23/2012,22
07/24/2012,21
07/25/2012,20
07/26/2012,19
07/27/2012,18
07/30/2012,17
07/31/2012,16
08/01/2012,15
08/02/2012,14
08/03/2012,13
08/06/2012,12
08/07/2012,11
08/08/2012,10
08/09/2012,9
08/10/2012,8
08/13/2012,7
08/14/2012,6
08/15/2012,5
08/16/2012,4
08/17/2012,3
08/20/2012,2
08/21/2012,1
08/22/2012,19
08/23/2012,18
08/24/2012,17
08/27/2012,16
08/28/2012,15
08/29/2012,14
08/30/2012,13
08/31/2012,12
09/04/2012,11
09/05/2012,10
09/06/2012,9
09/07/2012,8
09/10/2012,7
09/11/2012,6
09/12/2012,5
09/13/2012,4
09/14/2012,3
09/17/2012,2
09/18/2012,1
09/19/2012,20
09/20/2012,19
09/21/2012,18
09/24/2012,17
09/25/2012,16
09/26/2012,15
09/27/2012,14
09/28/2012,13
10/01/2012,12
10/02/2012,11
10/03/2012,10
10/04/2012,9
10/05/2012,8
10/08/2012,7
10/09/2012,6
10/10/2012,5
10/11/2012,4
10/12/2012,3
10/15/2012,2
10/16/2012,1
10/17/2012,23
10/18/2012,22
10/19/2012,21
10/22/2012,20
10/23/2012,19
10/24/2012,18
10/25/2012,17
10/26/2012,16
10/31/2012,15
11/01/2012,14
11/02/2012,13
11/05/2012,12
11/06/2012,11
11/07/2012,10
11/08/2012,9
11/09/2012,8
11/12/2012,7
11/13/2012,6
11/14/2012,5
11/15/2012,4
11/16/2012,3
11/19/2012,2
11/20/2012,1
11/21/2012,19
11/23/2012,18
11/26/2012,17
11/27/2012,16
11/28/2012,15
11/29/2012,14
11/30/2012,13
12/03/2012,12
12/04/2012,11
12/05/2012,10
12/06/2012,9
12/07/2012,8
12/10/2012,7
12/11/2012,6
12/12/2012,5
12/13/2012,4
12/14/2012,3
12/17/2012,2
12/18/2012,1
12/19/2012,18
12/20/2012,17
12/21/2012,16
12/24/2012,15
12/26/2012,14
12/27/2012,13
12/28/2012,12
12/31/2012,11
01/02/2013,10
01/03/2013,9
01/04/2013,8
01/07/2013,7
01/08/2013,6
01/09/2013,5
01/10/2013,4
01/11/2013,3
01/14/2013,2
01/15/2013,1
01/16/2013,19
01/17/2013,18
01/18/2013,17
01/22/2013,16
01/23/2013,15
01/24/2013,14
01/25/2013,13
01/28/2013,12
01/29/2013,11
01/30/2013,10
01/31/2013,9
02/01/2013,8
02/04/2013,7
02/05/2013,6
02/06/2013,5
02/07/2013,4
02/08/2013,3
02/11/2013,2
02/12/2013,1
02/13/2013,24
02/14/2013,23
02/15/2013,22
02/19/2013,21
02/20/2013,20
02/21/2013,19
02/22/2013,18
02/25/2013,17
02/26/2013,16
02/27/2013,15
02/28/2013,14
03/01/2013,13
03/04/2013,12
03/05/2013,11
03/06/2013,10
03/07/2013,9
03/08/2013,8
03/11/2013,7
03/12/2013,6
03/13/2013,5
03/14/2013,4
03/15/2013,3
03/18/2013,2
03/19/2013,1
03/20/2013,19
03/21/2013,18
03/22/2013,17
03/25/2013,16
03/26/2013,15
03/27/2013,14
03/28/2013,13
04/01/2013,12
04/02/2013,11
04/03/2013,10
04/04/2013,9
04/05/2013,8
04/08/2013,7
04/09/2013,6
04/10/2013,5
04/11/2013,4
04/12/2013,3
04/15/2013,2
04/16/2013,1
04/17/2013,25
04/18/2013,24
04/19/2013,23
04/22/2013,22
04/23/2013,21
04/24/2013,20
04/25/2013,19
04/26/2013,18
04/29/2013,17
04/30/2013,16
05/01/2013,15
05/02/2013,14
05/03/2013,13
05/06/2013,12
05/07/2013,11
05/08/2013,10
05/09/2013,9
05/10/2013,8
05/13/2013,7
05/14/2013,6
05/15/2013,5
05/16/2013,4
05/17/2013,3
05/20/2013,2
05/21/2013,1
05/22/2013,19
05/23/2013,18
05/24/2013,17
05/28/2013,16
05/29/2013,15
05/30/2013,14
05/31/2013,13
06/03/2013,12
06/04/2013,11
06/05/2013,10
06/06/2013,9
06/07/2013,8
06/10/2013,7
06/11/2013,6
06/12/2013,5
06/13/2013,4
06/14/2013,3
06/17/2013,2
06/18/2013,1
06/19/2013,19
06/20/2013,18
06/21/2013,17
06/24/2013,16
06/25/2013,15
06/26/2013,14
06/27/2013,13
06/28/2013,12
07/01/2013,11
07/02/2013,10
07/03/2013,9
07/05/2013,8
07/08/2013,7
07/09/2013,6
07/10/2013,5
07/11/2013,4
07/12/2013,3
07/15/2013,2
07/16/2013,1
07/17/2013,25
07/18/2013,24
07/19/2013,23
07/22/2013,22
07/23/2013,21
07/24/2013,20
07/25/2013,19
07/26/2013,18
07/29/2013,17
07/30/2013,16
07/31/2013,15
08/01/2013,14
08/02/2013,13
08/05/2013,12
08/06/2013,11
08/07/2013,10
08/08/2013,9
08/09/2013,8
08/12/2013,7
08/13/2013,6
08/14/2013,5
08/15/2013,4
08/16/2013,3
08/19/2013,2
08/20/2013,1
08/21/2013,19
08/22/2013,18
08/23/2013,17
08/26/2013,16
08/27/2013,15
08/28/2013,14
08/29/2013,13
08/30/2013,12
09/03/2013,11
09/04/2013,10
09/05/2013,9
09/06/2013,8
09/09/2013,7
09/10/2013,6
09/11/2013,5
09/12/2013,4
09/13/2013,3
09/16/2013,2
09/17/2013,1
09/18/2013,20
09/19/2013,19
09/20/2013,18
09/23/2013,17
09/24/2013,16
09/25/2013,15
09/26/2013,14
09/27/2013,13
09/30/2013,12
10/01/2013,11
10/02/2013,10
10/03/2013,9
10/04/2013,8
10/07/2013,7
10/08/2013,6
10/09/2013,5
10/10/2013,4
10/11/2013,3
10/14/2013,2
10/15/2013,1
10/16/2013,25
10/17/2013,24
10/18/2013,23
10/21/2013,22
10/22/2013,21
10/23/2013,20
10/24/2013,19
10/25/2013,18
10/28/2013,17
10/29/2013,16
10/30/2013,15
10/31/2013,14
11/01/2013,13
11/04/2013,12
11/05/2013,11
11/06/2013,10
11/07/2013,9
11/08/2013,8
11/11/2013,7
11/12/2013,6
11/13/2013,5
11/14/2013,4
11/15/2013,3
11/18/2013,2
11/19/2013,1
11/20/2013,19
11/21/2013,18
11/22/2013,17
11/25/2013,16
11/26/2013,15
11/27/2013,14
11/29/2013,13
12/02/2013,12
12/03/2013,11
12/04/2013,10
12/05/2013,9
12/06/2013,8
12/09/2013,7
12/10/2013,6
12/11/2013,5
12/12/2013,4
12/13/2013,3
12/16/2013,2
12/17/2013,1
12/18/2013,22
12/19/2013,21
12/20/2013,20
12/23/2013,19
12/24/2013,18
12/26/2013,17
12/27/2013,16
12/30/2013,15
12/31/2013,14
01/02/2014,13
01/03/2014,12
01/06/2014,11
01/07/2014,10
01/08/2014,9
01/09/2014,8
01/10/2014,7
01/13/2014,6
01/14/2014,5
01/15/2014,4
01/16/2014,3
01/17/2014,2
01/21/2014,1
01/22/2014,19
01/23/2014,18
01/24/2014,17
01/27/2014,16
01/28/2014,15
01/29/2014,14
01/30/2014,13
01/31/2014,12
02/03/2014,11
02/04/2014,10
02/05/2014,9
02/06/2014,8
02/07/2014,7
02/10/2014,6
02/11/2014,5
02/12/2014,4
02/13/2014,3
02/14/2014,2
02/18/2014,1
02/19/2014,19
02/20/2014,18
02/21/2014,17
02/24/2014,16
02/25/2014,15
02/26/2014,14
02/27/2014,13
02/28/2014,12
03/03/2014,11
03/04/2014,10
03/05/2014,9
03/06/2014,8
03/07/2014,7
03/10/2014,6
03/11/2014,5
03/12/2014,4
03/13/2014,3
03/14/2014,2
03/17/2014,1
03/18/2014,21
03/19/2014,20
03/20/2014,19
03/21/2014,18
03/24/2014,17
03/25/2014,16
03/26/2014,15
03/27/2014,14
03/28/2014,13
03/31/2014,12
04/01/2014,11
04/02/2014,10
04/03/2014,9
04/04/2014,8
04/07/2014,7
04/08/2014,6
04/09/2014,5
04/10/2014,4
04/11/2014,3
04/14/2014,2
04/15/2014,1
04/16/2014,24
04/17/2014,23
04/21/2014,22
04/22/2014,21
04/23/2014,20
04/24/2014,19
04/25/2014,18
04/28/2014,17
04/29/2014,16
04/30/2014,15
05/01/2014,14
05/02/2014,13
05/05/2014,12
05/06/2014,11
05/07/2014,10
05/08/2014,9
05/09/2014,8
05/12/2014,7
05/13/2014,6
05/14/2014,5
05/15/2014,4
05/16/2014,3
05/19/2014,2
05/20/2014,1
05/21/2014,19
05/22/2014,18
05/23/2014,17
05/27/2014,16
05/28/2014,15
05/29/2014,14
05/30/2014,13
06/02/2014,12
06/03/2014,11
06/04/2014,10
06/05/2014,9
06/06/2014,8
06/09/2014,7
06/10/2014,6
06/11/2014,5
06/12/2014,4
06/13/2014,3
06/16/2014,2
06/17/2014,1