Date,Open,High,Low,Close,Volume
15/02/2019,65.75,66.169998,65.599998,66.120003,10180800
14/02/2019,64.610001,65.559998,64.489998,65.07,10213200
13/02/2019,64.300003,65.349998,64.230003,64.839996,13061700
12/02/2019,64.089996,64.410004,63.299999,64.040001,10677300
11/02/2019,62.639999,63.34,62.459999,63.240002,12497400
08/02/2019,63.060001,63.209999,61.869999,62.939999,10634400
07/02/2019,64.260002,64.480003,62.639999,63.23,14600100
06/02/2019,64.830002,65.010002,64.599998,64.660004,6803800
05/02/2019,64.989998,65.25,64.779999,65.139999,7852700
04/02/2019,64.449997,65.059998,63.970001,65.040001,10107900
01/02/2019,64.470001,65.269997,64.260002,64.889999,14772400
31/01/2019,63.470001,64.080002,63.299999,63.779999,17844200
30/01/2019,62.880001,63.57,62.540001,63.369999,12116500
29/01/2019,62.66,62.91,62.439999,62.490002,11884100
28/01/2019,62.099998,62.330002,61.619999,62.299999,12022400
25/01/2019,62.669998,63.32,62.57,62.93,10233600
24/01/2019,61.68,62.700001,61.43,62.139999,13049200
23/01/2019,62.669998,62.75,61.299999,61.810001,23367700
22/01/2019,63.139999,63.279999,62.279999,62.450001,19863200
18/01/2019,63.310001,63.889999,62.939999,63.84,14531800
17/01/2019,61.529999,62.84,61.389999,62.57,10174800
16/01/2019,62.009998,62.509998,61.790001,62,12541100
15/01/2019,62.200001,62.669998,61.77,62.080002,9821200
14/01/2019,61.419998,62.110001,61.330002,61.860001,13191700
11/01/2019,62.060001,62.41,61.459999,62.009998,14105900
10/01/2019,61.73,62.459999,61.380001,62.380001,19167600
09/01/2019,62.049999,62.41,61.41,62.200001,18756800
08/01/2019,61.610001,61.75,60.900002,61.23,18692300
07/01/2019,60.32,61.200001,59.52,60.759998,18056700
04/01/2019,58.900002,60.049999,58.560001,59.869999,21351500
03/01/2019,58.650002,58.860001,57.240002,57.900002,18024100
02/01/2019,56.439999,58.869999,56.150002,58.48,24892600
31/12/2018,57.560001,57.77,56.68,57.349998,18705200
28/12/2018,57.75,58.009998,56.700001,57.049999,19437400
27/12/2018,56.040001,57.560001,55.279999,57.490002,24377300
26/12/2018,54.360001,57.200001,53.360001,57.189999,29097000
24/12/2018,55.450001,55.720001,53.790001,53.84,15605900
21/12/2018,56.669998,57.610001,55.639999,56.110001,37393700
20/12/2018,58.099998,58.990002,56.84,57.189999,38504400
19/12/2018,59.830002,60.959999,58.330002,58.82,45548900
18/12/2018,60.849998,61.07,59.189999,59.52,26617000
17/12/2018,61.93,62.450001,60.52,60.959999,20732300
14/12/2018,63.150002,63.41,61.790001,62.09,22893600
13/12/2018,63.189999,63.939999,62.91,63.540001,15299000
12/12/2018,64.120003,64.550003,63.299999,63.34,19267400
11/12/2018,64.040001,64.160004,62.43,63.09,17241600
10/12/2018,63.619999,63.93,61.619999,63.07,23382800
07/12/2018,65.660004,66.629997,63.959999,64.07,27445700
06/12/2018,64.199997,64.529999,63.07,64.43,35356100
04/12/2018,67.610001,67.830002,65.519997,65.639999,18296300
03/12/2018,67.620003,67.989998,66.790001,67.580002,21995400
30/11/2018,65.650002,66.300003,65.32,66.110001,18129000
29/11/2018,65.849998,66.760002,65.760002,66.230003,14414200
28/11/2018,64.629997,65.849998,64.220001,65.800003,21148200
27/11/2018,64.540001,65.160004,64.32,64.690002,22264300
26/11/2018,64.379997,65.300003,64.370003,64.870003,16682700
23/11/2018,64.339996,64.57,63.439999,63.91,14421800
21/11/2018,65.470001,66.68,65.32,65.980003,17330900
20/11/2018,66.279999,66.440002,64.459999,64.959999,26324400
19/11/2018,66.769997,67.43,66.559998,67.160004,15583800
16/11/2018,66.800003,67.410004,66.470001,67.18,19755500
15/11/2018,65.010002,66.470001,65.010002,66.389999,20306800
14/11/2018,66.559998,66.809998,64.830002,65.43,22542100
13/11/2018,66.889999,67.25,65.190002,65.540001,32731900
12/11/2018,68.970001,69.260002,66.940002,67.080002,18041600
09/11/2018,67.709999,68.940002,67.339996,68.5,22917800
08/11/2018,69.82,70.370003,68.370003,68.620003,15144900
07/11/2018,69.900002,70.360001,69.099998,70.139999,16662900
06/11/2018,68.860001,69.160004,68.190002,69.010002,13072100
05/11/2018,68.379997,68.959999,68.220001,68.690002,13231600
02/11/2018,68.480003,68.980003,66.879997,67.559998,21212500
01/11/2018,67.300003,68.050003,66.610001,67.730003,21475800
31/10/2018,67.400002,68.290001,67.07,67.160004,17287800
30/10/2018,65.199997,66.910004,64.900002,66.75,26397400
29/10/2018,66.970001,67.059998,64.370003,65.239998,24459800
26/10/2018,66.43,67.300003,65.379997,66.480003,25579900
25/10/2018,66.980003,67.669998,66.529999,66.980003,25333300
24/10/2018,69.220001,69.239998,66.150002,66.169998,28100200
23/10/2018,69.699997,69.720001,67.910004,68.889999,26477700
22/10/2018,71.480003,71.629997,70.309998,70.739998,12294500
19/10/2018,71.809998,72.580002,71.480003,71.529999,13568100
18/10/2018,71.860001,72.839996,71.709999,72.169998,16586700
17/10/2018,72.849998,73.07,71.910004,72.529999,15804200
16/10/2018,72.589996,73.120003,72.290001,72.989998,14571100
15/10/2018,72.989998,73.290001,72.370003,72.389999,11590400
12/10/2018,73.519997,73.739998,71.889999,73,23579000
11/10/2018,74.620003,74.669998,72.25,72.800003,35592100
10/10/2018,77.919998,78.050003,75,75.349998,26405300
09/10/2018,77.370003,78.360001,77.040001,77.790001,16816700
08/10/2018,76.589996,77.220001,76.290001,77.099998,11578600
05/10/2018,77.089996,77.410004,76.690002,77.160004,11983200
04/10/2018,77.239998,77.709999,76.720001,77.169998,15192700
03/10/2018,77.199997,77.720001,76.980003,77.489998,13244800
02/10/2018,76.980003,77.129997,76.339996,76.870003,9468400
01/10/2018,76.019997,77.110001,76.019997,76.790001,12712600
28/09/2018,75.589996,76.540001,75.550003,75.739998,14833100
27/09/2018,76.25,76.349998,75.75,75.949997,10672100
26/09/2018,76.220001,76.620003,75.82,75.949997,12728600
25/09/2018,76.68,77.010002,76.580002,76.690002,13027600
24/09/2018,75.760002,76.529999,75.699997,76.199997,12784500
21/09/2018,75.010002,75.349998,74.5,75.099998,13710100
20/09/2018,75.419998,75.709999,75.029999,75.120003,12512400
19/09/2018,74.889999,75.410004,74.82,75.099998,10911500
18/09/2018,74.910004,75.379997,74.860001,74.870003,10223500
17/09/2018,74.449997,74.879997,74.199997,74.379997,14728900
14/09/2018,73.879997,74.540001,73.849998,74.260002,9494300
13/09/2018,73.720001,74.010002,73.230003,73.870003,11037400
12/09/2018,74.059998,74.57,73.82,73.839996,12689400
11/09/2018,72.699997,73.879997,72.5,73.459999,14281600
10/09/2018,73.169998,73.470001,72.75,72.769997,8911700
07/09/2018,72.540001,72.93,71.779999,72.800003,10134400
06/09/2018,73.900002,74.150002,72.610001,72.809998,14406400
05/09/2018,73.940002,74.220001,73.190002,74.18,9598100
04/09/2018,74.779999,74.839996,73.980003,74.279999,15094700
31/08/2018,74.790001,74.809998,74.129997,74.440002,8909600
30/08/2018,75.199997,75.349998,74.629997,75.019997,9250200
29/08/2018,75.010002,75.540001,74.779999,75.230003,7760400
28/08/2018,75.230003,75.540001,74.720001,74.769997,8393500
27/08/2018,74.790001,75.190002,74.68,75.089996,6984900
24/08/2018,74.459999,74.980003,74.389999,74.540001,7753300
23/08/2018,74,74.129997,73.720001,74,6468900
22/08/2018,73.93,74.580002,73.879997,74.349998,9345400
21/08/2018,73.709999,74.059998,73.389999,73.470001,9509100
20/08/2018,72.629997,73.360001,72.599998,73.099998,8345700
17/08/2018,72.620003,72.800003,72.349998,72.610001,11532700
16/08/2018,72.260002,72.839996,72.220001,72.43,25013300
15/08/2018,73.800003,73.919998,71.699997,71.910004,26400400
14/08/2018,74.900002,75.010002,74.199997,74.510002,10437900
13/08/2018,75.150002,75.410004,74.290001,74.330002,9817000
10/08/2018,74.660004,75.290001,74.510002,75.290001,16977700
09/08/2018,75.589996,75.730003,74.709999,74.830002,15231900
08/08/2018,75.550003,75.809998,75.080002,75.529999,9398800
07/08/2018,76.290001,76.5,75.839996,76.080002,11798300
06/08/2018,75.459999,75.879997,75.010002,75.519997,8200100
03/08/2018,75.489998,75.629997,74.860001,75.239998,7663300
02/08/2018,75.489998,75.779999,75,75.629997,9689700
01/08/2018,76.449997,76.480003,75.639999,76.050003,11172500
31/07/2018,77.400002,77.610001,76.940002,77.120003,11290500
30/07/2018,77.239998,77.559998,76.980003,77.260002,11395000
27/07/2018,76.099998,77.029999,76,76.629997,12640900
26/07/2018,76.290001,77.099998,76.139999,76.959999,12187400
25/07/2018,75.599998,76.32,75.230003,76.129997,11035300
24/07/2018,74.889999,75.940002,74.790001,75.5,10168500
23/07/2018,75.099998,75.150002,74.43,74.559998,7623800
20/07/2018,75.150002,75.32,74.650002,74.889999,10861200
19/07/2018,74.93,75.470001,74.849998,75.150002,16231800
18/07/2018,74.720001,75.239998,73.980003,75.129997,15351500
17/07/2018,75.129997,75.5,74.660004,75.080002,9753200
16/07/2018,75.510002,75.879997,74.739998,75.379997,11390600
13/07/2018,75.93,76.720001,75.730003,76.260002,11423100
12/07/2018,75.93,76.349998,75.32,75.860001,12568000
11/07/2018,76.650002,77.120003,75.230003,75.730003,19362800
10/07/2018,77.269997,78,77.18,77.370003,11003600
09/07/2018,76.129997,76.910004,76.089996,76.800003,11059200
06/07/2018,74.980003,75.910004,74.629997,75.669998,9310300
05/07/2018,75.75,75.989998,74.989998,75.209999,9969500
03/07/2018,75.599998,76.459999,75.110001,75.290001,9308200
02/07/2018,75.410004,75.43,74.410004,74.82,15296600
29/06/2018,75.68,76.739998,75.68,75.940002,13167900
28/06/2018,75.68,75.959999,74.889999,75.470001,14285400
27/06/2018,75.190002,76.510002,75.160004,75.57,20583900
26/06/2018,73.830002,74.860001,73.57,74.57,13523600
25/06/2018,74.93,75.040001,73.139999,73.639999,18380300
22/06/2018,75.5,75.970001,75.139999,75.150002,28036300
21/06/2018,74.540001,74.580002,73.330002,73.68,15009800
20/06/2018,75.190002,75.349998,74.470001,75.07,11655900
19/06/2018,74.010002,75.019997,73.800003,74.739998,12607600
18/06/2018,73.980003,75.410004,73.980003,74.910004,13184400
15/06/2018,75.360001,75.510002,74.010002,74.169998,16089400
14/06/2018,76.639999,76.860001,76.129997,76.309998,10291100
13/06/2018,76.470001,76.870003,76.110001,76.419998,12502100
12/06/2018,77.300003,77.480003,76.5,76.709999,15707200
11/06/2018,76.879997,77.650002,76.720001,77.300003,10717800
08/06/2018,77.139999,77.349998,76.419998,76.900002,11236600
07/06/2018,76.300003,77.489998,76.279999,77.050003,15178900
06/06/2018,75.82,76.099998,75.230003,75.900002,13479200
05/06/2018,75.349998,76.120003,75.18,75.540001,13707900
04/06/2018,76.639999,77.199997,75.519997,75.720001,13689200
01/06/2018,76.279999,76.889999,75.970001,76.379997,14102500
31/05/2018,76.040001,76.93,75.860001,76.019997,13258700
30/05/2018,74.989998,76.940002,74.959999,76.599998,23022200
29/05/2018,74,74.809998,73.660004,74.349998,19327500
25/05/2018,75.220001,75.32,73.839996,74.580002,32453500
24/05/2018,76.949997,77.07,76.220001,76.57,19154800
23/05/2018,77.410004,77.910004,76.769997,77.849998,16419600
22/05/2018,78.900002,79.419998,77.639999,77.860001,16583400
21/05/2018,78.550003,78.910004,78.150002,78.910004,11513100
18/05/2018,78.580002,78.660004,78.050003,78.110001,14092700
17/05/2018,77.800003,78.830002,77.760002,78.720001,16271300
16/05/2018,77.169998,77.599998,76.779999,77.550003,11997200
15/05/2018,77.089996,77.400002,76.690002,77.279999,10482700
14/05/2018,76.970001,77.610001,76.970001,77.260002,10226300
11/05/2018,76.790001,77.25,76.559998,76.730003,12010700
10/05/2018,76.349998,76.800003,76,76.620003,13890100
09/05/2018,75.440002,76.889999,75.43,76.050003,24903900
08/05/2018,73.980003,74.57,72.639999,74.529999,28774100
07/05/2018,74.43,75.57,73.800003,73.949997,17973700
04/05/2018,73.290001,74.110001,72.989998,73.849998,13585500
03/05/2018,73.32,73.610001,72.5,73.489998,15329600
02/05/2018,73.139999,74.239998,73.040001,73.660004,13434700
01/05/2018,73.440002,73.489998,72.43,73.360001,13800900
30/04/2018,73.699997,74.639999,73.68,73.809998,12963200
27/04/2018,73.849998,74.190002,73.529999,73.82,10539300
26/04/2018,73.809998,74.669998,73.580002,74.610001,12216900
25/04/2018,72.730003,73.639999,72.269997,73.540001,13163300
24/04/2018,73.949997,74.459999,72.559998,72.959999,22787500
23/04/2018,73.07,73.760002,72.669998,73.75,14844600
20/04/2018,73.5,73.559998,72.830002,73.300003,13690400
19/04/2018,73.620003,74.199997,73.199997,73.650002,18150300
18/04/2018,73.050003,74.220001,73.029999,73.559998,17311500
17/04/2018,72.330002,72.75,71.919998,72.419998,16105300
16/04/2018,71.57,72.470001,71.190002,72.139999,14024300
13/04/2018,71.010002,71.699997,70.910004,71.410004,13330400
12/04/2018,70.879997,71.190002,70.379997,70.629997,14311600
11/04/2018,69.800003,70.800003,69.709999,70.639999,21190900
10/04/2018,68.739998,70.459999,68.720001,69.910004,21842200
09/04/2018,67.669998,68.529999,67.400002,67.669998,10819800
06/04/2018,68.160004,68.489998,66.459999,67.349998,18883900
05/04/2018,67.550003,69.019997,67.550003,68.589996,13528400
04/04/2018,66.440002,67.529999,65.980003,67.379997,12490800
03/04/2018,66.309998,67.529999,65.68,67.470001,14114300
02/04/2018,67.150002,67.269997,64.93,66.059998,18993100
29/03/2018,66.309998,67.68,66.300003,67.410004,13968100
28/03/2018,67.370003,67.599998,65.910004,66.019997,18228700
27/03/2018,68.260002,68.540001,66.940002,67.330002,13923100
26/03/2018,67.540001,68.07,66.760002,67.970001,15953000
23/03/2018,67.519997,68.300003,66.620003,66.769997,19214300
22/03/2018,67.82,68.18,67.050003,67.18,18483800
21/03/2018,67.230003,69.019997,67.019997,68.580002,16439600
20/03/2018,66.629997,67.279999,66.540001,66.830002,11259100
19/03/2018,67.099998,67.190002,65.889999,66.269997,14525000
16/03/2018,66.75,67.610001,66.620003,67.309998,14342600
15/03/2018,67.790001,68.080002,66.68,67.190002,12408500
14/03/2018,68.199997,68.389999,67.400002,67.540001,11348200
13/03/2018,68.639999,68.949997,67.660004,67.940002,10730900
12/03/2018,68.489998,68.93,68.089996,68.43,9486000
09/03/2018,67.690002,68.510002,67.629997,68.449997,11393100
08/03/2018,67.339996,67.540001,66.690002,67.169998,8013300
07/03/2018,66.970001,67.68,66.559998,67.190002,12362600
06/03/2018,68.080002,68.330002,67.360001,67.699997,15677900
05/03/2018,66.639999,67.870003,66.519997,67.660004,12831500
02/03/2018,66.18,67.190002,65.650002,66.949997,14578900
01/03/2018,66.669998,67.690002,66.160004,66.639999,22975000
28/02/2018,68.669998,68.919998,66.709999,66.739998,17622000
27/02/2018,69.349998,69.900002,68.300003,68.309998,13465700
26/02/2018,69.150002,69.349998,68.809998,69.209999,12156400
23/02/2018,67.669998,68.849998,67.550003,68.800003,15684800
22/02/2018,67.089996,68.330002,66.919998,67.339996,15330300
21/02/2018,67.550003,68.18,66.610001,66.610001,12545400
20/02/2018,68.260002,68.760002,67.440002,67.75,17808100
16/02/2018,68,68.760002,67.709999,68.120003,13791100
15/02/2018,68.599998,68.650002,67.190002,68.290001,16469400
14/02/2018,66.82,68.660004,66.660004,68.459999,19756900
13/02/2018,67.410004,67.769997,67.010002,67.480003,12285000
12/02/2018,67.529999,68.510002,67.209999,67.760002,24956900
09/02/2018,67.510002,67.580002,64.449997,66.669998,35174100
08/02/2018,68.870003,69.150002,66.690002,66.720001,27771100
07/02/2018,70.190002,71.07,68.790001,68.800003,24603700
06/02/2018,68.230003,70.470001,67.900002,69.970001,32815200
05/02/2018,71.489998,72.400002,68.279999,69.419998,34767600
02/02/2018,74.230003,74.410004,72.059998,72.459999,31005400
01/02/2018,74.949997,75.669998,74.529999,75.620003,18011600
31/01/2018,75,75.129997,74.330002,74.849998,15725300
30/01/2018,75.699997,75.910004,74.739998,74.800003,22751800
29/01/2018,77.199997,77.470001,76.220001,76.339996,12647200
26/01/2018,77.260002,77.639999,77.099998,77.510002,7785300
25/01/2018,78.089996,78.089996,76.949997,77.089996,11718400
24/01/2018,78,78.389999,77.43,77.699997,12919700
23/01/2018,78.18,78.260002,77.519997,77.910004,10184900
22/01/2018,76.480003,78.059998,76.459999,78.029999,17016700
19/01/2018,76.309998,76.410004,75.879997,76.379997,12962700
18/01/2018,76.82,77.010002,76.339996,76.480003,11514600
17/01/2018,76.660004,77.440002,76.160004,77.110001,13991000
16/01/2018,77.599998,77.650002,76.300003,76.440002,16894900
12/01/2018,76.699997,77.620003,76.699997,77.419998,19819200
11/01/2018,75.400002,76.949997,75.129997,76.68,18089500
10/01/2018,75.449997,75.5,75.080002,75.139999,10822000
09/01/2018,75.57,75.589996,75.110001,75.230003,9234500
08/01/2018,74.940002,75.459999,74.739998,75.419998,9779200
05/01/2018,74.900002,75.029999,74.349998,74.970001,14204400
04/01/2018,74.5,75.050003,74.230003,75,14306800
03/01/2018,73.599998,74.739998,73.519997,74.550003,19299600
02/01/2018,72.620003,73.529999,72.389999,73.449997,14891400
29/12/2017,72.660004,72.699997,72.139999,72.260002,7356400
28/12/2017,72.349998,72.470001,72.220001,72.470001,7966800
27/12/2017,72.610001,72.639999,72.209999,72.360001,10855300
26/12/2017,72.230003,72.720001,72.080002,72.599998,8631100
22/12/2017,71.900002,72.260002,71.599998,71.970001,10660800
21/12/2017,70.360001,72.029999,70.290001,71.82,16803100
20/12/2017,69.580002,70.449997,69.370003,70.330002,12254500
19/12/2017,69.57,69.75,69.190002,69.349998,6764200
18/12/2017,68.889999,69.599998,68.870003,69.25,9660700
15/12/2017,69.269997,69.269997,68.629997,68.720001,10153400
14/12/2017,69.230003,69.730003,69.209999,69.239998,11782800
13/12/2017,69.589996,69.75,69.290001,69.489998,9216000
12/12/2017,69.589996,70.129997,69.5,69.589996,11758200
11/12/2017,69.410004,70.139999,69.370003,69.779999,11316700
08/12/2017,69,69.309998,66.690002,69.279999,10696700
07/12/2017,68.379997,68.769997,68.32,68.650002,8640000
06/12/2017,69.150002,69.269997,68.349998,68.449997,12061200
05/12/2017,69.650002,69.900002,69.269997,69.349998,10689800
04/12/2017,70.269997,70.75,69.43,69.650002,13575900
01/12/2017,69.589996,70.160004,68.940002,69.68,21188300
30/11/2017,68.239998,69.230003,68.239998,69.099998,22303600
29/11/2017,67.68,68.209999,67.540001,68.080002,13599300
28/11/2017,67.260002,67.809998,67.18,67.709999,12113300
27/11/2017,67.589996,67.669998,67.050003,67.190002,10595800
24/11/2017,67.959999,68.099998,67.870003,67.879997,4990700
22/11/2017,67.82,67.959999,67.650002,67.690002,9307500
21/11/2017,67.529999,67.800003,67.279999,67.419998,8464400
20/11/2017,67.349998,67.410004,66.970001,67.269997,7785300
17/11/2017,67.230003,67.57,67.059998,67.43,9172400
16/11/2017,67.160004,67.400002,66.910004,67.099998,12514000
15/11/2017,67.529999,67.669998,67.089996,67.370003,17693100
14/11/2017,69,69,68.059998,68.139999,16527700
13/11/2017,69.470001,69.730003,69.18,69.260002,7489800
10/11/2017,69.910004,69.970001,69.129997,69.660004,10534200
09/11/2017,69.550003,70.150002,69.449997,70.029999,12988900
08/11/2017,69.989998,70.169998,69.43,69.82,14246600
07/11/2017,70.370003,70.470001,69.790001,70.160004,13410300
06/11/2017,68.989998,70.339996,68.870003,70.25,19100000
03/11/2017,68.449997,68.949997,68.379997,68.68,11111900
02/11/2017,68.68,68.870003,68.07,68.480003,11328300
01/11/2017,68.32,69,68.290001,68.68,17306300
31/10/2017,67.720001,68.160004,67.419998,67.910004,9649000
30/10/2017,66.870003,67.879997,66.870003,67.690002,11614800
27/10/2017,66.870003,67.699997,66.339996,67.339996,16188000
26/10/2017,67.110001,67.440002,66.82,67.220001,9362200
25/10/2017,67.43,67.629997,66.870003,67.080002,13522700
24/10/2017,67.660004,67.849998,67.410004,67.550003,9820200
23/10/2017,67.82,68.040001,67.360001,67.419998,8655300
20/10/2017,67.790001,67.809998,67.32,67.769997,9820200
19/10/2017,67.379997,67.919998,67.349998,67.639999,7591900
18/10/2017,68.279999,68.559998,67.769997,67.849998,7706300
17/10/2017,68.269997,68.470001,67.959999,68.330002,8377100
16/10/2017,68.349998,68.690002,68.150002,68.290001,7666900
13/10/2017,68.580002,68.779999,68.099998,68.139999,8893700
12/10/2017,67.910004,68.269997,67.800003,68.18,10181100
11/10/2017,68.190002,68.470001,67.910004,68.43,10287000
10/10/2017,68.690002,68.93,68.199997,68.269997,7763700
09/10/2017,68.150002,68.419998,68.07,68.209999,5764100
06/10/2017,68,68.379997,67.839996,68.07,11963300
05/10/2017,68.389999,68.760002,68.349998,68.650002,10161800
04/10/2017,68.389999,68.589996,68.099998,68.339996,10197600
03/10/2017,68.370003,68.620003,68.239998,68.389999,7239800
02/10/2017,67.75,68.480003,67.489998,68.459999,12416800
29/09/2017,68.25,68.489998,68.029999,68.480003,14287500
28/09/2017,68.580002,68.900002,68.300003,68.489998,11799900
27/09/2017,68.199997,68.449997,67.82,68.43,10918200
26/09/2017,68,68.269997,67.809998,68.139999,10710700
25/09/2017,67.510002,68.370003,67.440002,68.169998,14833800
22/09/2017,66.800003,67.389999,66.730003,67.199997,14647900
21/09/2017,66.75,67.029999,66.559998,66.860001,8874100
20/09/2017,66.580002,67.019997,66.519997,66.839996,18273800
19/09/2017,66.260002,66.489998,66.129997,66.389999,10504300
18/09/2017,65.690002,66.160004,65.639999,66.120003,12583500
15/09/2017,65.82,65.839996,65.400002,65.839996,13068100
14/09/2017,66.360001,67,66.349998,66.550003,14583400
13/09/2017,65.550003,66.269997,65.480003,66.230003,15893300
12/09/2017,65.199997,65.550003,65.029999,65.410004,9409700
11/09/2017,64.650002,65.099998,64.5,65.010002,13551100
08/09/2017,64.949997,64.989998,64.099998,64.400002,10264700
07/09/2017,65,65.25,64.660004,65.089996,8640300
06/09/2017,64.25,65.150002,64.220001,64.970001,17052100
05/09/2017,63.84,64.239998,63.48,63.93,18114800
01/09/2017,63.07,63.790001,62.91,63.580002,11595500
31/08/2017,62.939999,63.130001,62.73,62.970001,10333700
30/08/2017,62.400002,62.860001,62.220001,62.669998,8664400
29/08/2017,62.419998,62.720001,62.18,62.639999,8727100
28/08/2017,63.029999,63.240002,62.380001,62.720001,9956000
25/08/2017,62.84,63.25,62.82,63,8220200
24/08/2017,62.459999,62.869999,62.439999,62.720001,10390500
23/08/2017,62.279999,63,62.220001,62.68,11526000
22/08/2017,62.169998,62.549999,62.130001,62.41,15171800
21/08/2017,62.23,62.259998,61.799999,62,10375200
18/08/2017,61.849998,62.740002,61.810001,62.32,18632700
17/08/2017,62.650002,62.889999,61.990002,62.009998,14796900
16/08/2017,63.529999,63.709999,62.77,62.900002,16583300
15/08/2017,63.849998,63.849998,63.139999,63.509998,12725600
14/08/2017,64.059998,64.339996,63.669998,63.75,11404100
11/08/2017,64.160004,64.519997,63.880001,63.939999,15990900
10/08/2017,65.160004,65.269997,64.25,64.360001,15262100
09/08/2017,65.089996,65.459999,64.809998,65.050003,10437900
08/08/2017,64.949997,65.559998,64.800003,64.989998,10429100
07/08/2017,65.360001,65.480003,64.940002,65.139999,11437300
04/08/2017,65.459999,65.82,65.309998,65.639999,9371000
03/08/2017,66.25,66.360001,65.139999,65.43,15327800
02/08/2017,66.269997,66.629997,65.68,66.360001,15118500
01/08/2017,66.660004,66.989998,66.32,66.610001,12668700
31/07/2017,66.489998,67,66.309998,66.620003,13519500
28/07/2017,66.330002,67.129997,66.220001,66.470001,14765000
27/07/2017,65.900002,66.580002,65.599998,66.550003,15815900
26/07/2017,66.18,66.639999,65.699997,65.879997,21211400
25/07/2017,65.769997,66.279999,65.620003,65.809998,15479300
24/07/2017,65.25,65.349998,64.839996,64.989998,10433400
21/07/2017,65.540001,65.849998,65.019997,65.110001,13047600
20/07/2017,66.330002,66.57,65.580002,65.760002,17159300
19/07/2017,64.940002,66.019997,64.889999,65.959999,24802700
18/07/2017,65.650002,65.669998,64.739998,65.010002,14956800
17/07/2017,65.279999,65.769997,65.220001,65.32,12214900
14/07/2017,65.050003,65.519997,64.989998,65.400002,10272500
13/07/2017,64.800003,65.059998,64.440002,65.010002,10056800
12/07/2017,65.209999,65.370003,64.470001,64.75,14818600
11/07/2017,64.330002,64.800003,63.93,64.57,11899800
10/07/2017,63.919998,64.370003,63.779999,64.220001,14153800
07/07/2017,63.900002,64.099998,63.290001,64.010002,16036700
06/07/2017,64.940002,65.129997,63.970001,64.110001,20683600
05/07/2017,65.839996,65.900002,64.580002,64.830002,20988200
03/07/2017,65.150002,66.480003,65.080002,66.169998,18402800
30/06/2017,65.099998,65.220001,64.5,64.919998,19643200
29/06/2017,64.68,65.339996,64.489998,64.629997,19022400
28/06/2017,64.220001,64.879997,64.18,64.489998,16859900
27/06/2017,64.470001,64.760002,64.129997,64.139999,14227500
26/06/2017,64.580002,64.699997,63.98,64.239998,13603400
23/06/2017,63.959999,64.449997,63.779999,64.379997,14555500
22/06/2017,64.019997,64.5,63.689999,63.950001,15431600
21/06/2017,64.839996,65.220001,63.639999,63.990002,27305500
20/06/2017,65.120003,65.220001,64.309998,65.040001,16063400
19/06/2017,66.150002,66.290001,65.709999,65.879997,15678400
16/06/2017,65.610001,66.330002,65.190002,66.300003,24621000
15/06/2017,65.870003,66.199997,65.379997,65.669998,19258900
14/06/2017,67.209999,67.209999,65.660004,66.169998,30280200
13/06/2017,67.089996,67.480003,66.769997,67.389999,15807900
12/06/2017,67.010002,67.550003,66.75,66.889999,22924400
09/06/2017,65.010002,66.639999,65,66.419998,23184200
08/06/2017,64.739998,65.339996,64.720001,64.860001,18905800
07/06/2017,65.709999,66.029999,64.599998,65.050003,22942100
06/06/2017,65.169998,66.089996,65.019997,65.980003,14835300
05/06/2017,64.889999,65.449997,64.870003,65.209999,12552500
02/06/2017,65.550003,65.57,64.809998,65.089996,16542500
01/06/2017,65.470001,66.089996,65.260002,65.849998,17983700
31/05/2017,65.199997,65.639999,65.099998,65.440002,16093000
30/05/2017,66.260002,66.260002,65.690002,65.720001,14529100
26/05/2017,66.5,66.669998,66.18,66.610001,13199100
25/05/2017,67.559998,68.230003,66.260002,66.5,23329200
24/05/2017,68.010002,68.220001,67.419998,67.730003,13480700
23/05/2017,68.110001,68.18,67.730003,68.089996,9086800
22/05/2017,68.440002,68.480003,67.690002,67.93,10339200
19/05/2017,67.580002,68.220001,67.419998,68.080002,15624500
18/05/2017,66.970001,67.580002,66.720001,67.25,14115000
17/05/2017,67.540001,68.120003,67.239998,67.269997,15606800
16/05/2017,68.599998,68.599998,67.699997,67.940002,11693400
15/05/2017,68.760002,68.870003,68.059998,68.279999,13206900
12/05/2017,67.93,68.059998,67.550003,67.75,10708600
11/05/2017,68.360001,68.480003,67.879997,67.980003,11968700
10/05/2017,67.620003,68.440002,67.559998,68.120003,18259200
09/05/2017,67.93,67.93,67.029999,67.230003,10719700
08/05/2017,67.300003,67.910004,67.239998,67.790001,18948700
05/05/2017,66.300003,67.419998,66.269997,67.309998,18743800
04/05/2017,67.029999,67.110001,65.830002,66.260002,33944500
03/05/2017,67.160004,67.82,66.970001,67.5,16934800
02/05/2017,67.790001,68.010002,67.029999,67.309998,16435600
01/05/2017,67.82,68.010002,67.5,67.650002,9419400
28/04/2017,68.370003,68.489998,67.739998,67.839996,14190500
27/04/2017,68.010002,68.080002,67.110001,67.790001,20547700
26/04/2017,68.449997,69.470001,68.419998,68.540001,18737600
25/04/2017,68.360001,68.93,68.150002,68.769997,15591000
24/04/2017,68.290001,68.470001,67.980003,68.190002,13350700
21/04/2017,67.839996,68.129997,67.449997,67.790001,14116100
20/04/2017,68,68.629997,67.93,68.129997,16235400
19/04/2017,68.980003,69.110001,67.620003,67.800003,18125400
18/04/2017,69.150002,69.610001,68.669998,68.809998,14750300
17/04/2017,69.290001,69.529999,69.120003,69.459999,8012200
13/04/2017,70.540001,70.589996,69.150002,69.309998,17656000
12/04/2017,70.970001,71.419998,70.379997,70.599998,11453600
11/04/2017,71,71.029999,70.139999,70.900002,13891500
10/04/2017,70.75,71.209999,70.599998,70.889999,10820900
07/04/2017,70.669998,70.860001,70.25,70.360001,12580300
06/04/2017,70.349998,70.830002,70.160004,70.629997,13124700
05/04/2017,70.879997,71.489998,69.970001,70.07,22733700
04/04/2017,69.93,70.349998,69.260002,70.290001,12974000
03/04/2017,70.010002,70.059998,69.080002,69.779999,13133300
31/03/2017,69.910004,70.339996,69.580002,69.900002,19861200
30/03/2017,70.599998,70.769997,69.959999,70.139999,15912300
29/03/2017,69.199997,70.279999,69.010002,70.160004,18575200
28/03/2017,68.339996,69.379997,68.18,69.209999,27922600
27/03/2017,67.910004,68.43,67.860001,68.239998,11491300
24/03/2017,68.93,69.080002,68.43,68.559998,10442500
23/03/2017,68.910004,69.419998,68.760002,68.830002,11800400
22/03/2017,69,69.43,68.720001,69.110001,12419600
21/03/2017,70.029999,70.080002,68.949997,69.209999,16717200
20/03/2017,69.57,69.849998,69.150002,69.699997,12218700
17/03/2017,70.139999,70.290001,69.800003,69.800003,14243900
16/03/2017,70.919998,70.919998,70.07,70.269997,16277500
15/03/2017,69.82,70.93,69.480003,70.769997,23205000
14/03/2017,69.480003,69.489998,68.620003,69.230003,26384800
13/03/2017,69.940002,70.360001,69.779999,70.019997,13078800
10/03/2017,70.559998,70.650002,69.599998,70.010002,17479300
09/03/2017,69.300003,70.150002,68.889999,70.110001,27770700
08/03/2017,71.220001,71.639999,69.620003,69.650002,25566200
07/03/2017,72.410004,72.43,71.419998,71.510002,11461800
06/03/2017,71.870003,72.25,71.589996,72.150002,8374700
03/03/2017,72.239998,72.510002,71.830002,71.989998,11166500
02/03/2017,72.449997,72.809998,72.089996,72.120003,10770300
01/03/2017,72.040001,73.139999,71.989998,72.809998,18997600
28/02/2017,71.389999,71.720001,71.18,71.379997,14018400
27/02/2017,71.059998,71.910004,70.940002,71.599998,23686400
24/02/2017,71.139999,71.410004,70.629997,70.989998,13997600
23/02/2017,72.160004,72.279999,71.209999,71.660004,17390100
22/02/2017,72.120003,72.199997,71.309998,71.360001,11539400
21/02/2017,72.650002,72.849998,72.349998,72.459999,11802500
17/02/2017,72,72.209999,71.739998,71.970001,11645000
16/02/2017,73.440002,73.540001,72.260002,72.370003,11375400
15/02/2017,73.440002,73.760002,73.129997,73.370003,8926600
14/02/2017,73.629997,73.690002,72.739998,73.660004,10739800
13/02/2017,73.129997,73.449997,72.989998,73.419998,7984900
10/02/2017,73.309998,73.690002,73.059998,73.279999,10405400
09/02/2017,72.349998,72.949997,72.349998,72.730003,9261600
08/02/2017,71.75,72.080002,70.650002,71.919998,16148400
07/02/2017,72.459999,72.800003,71.370003,71.75,14157800
06/02/2017,73.400002,73.650002,72.57,72.779999,10521700
03/02/2017,73.059998,73.779999,72.629997,73.400002,11828600
02/02/2017,72.480003,72.900002,71.900002,72.769997,12880100
01/02/2017,73.290001,73.389999,71.910004,72.360001,18424300
31/01/2017,72.910004,73.019997,72.129997,72.900002,14007400
30/01/2017,73.889999,73.93,72.360001,72.870003,13286400
27/01/2017,74.550003,74.629997,74.010002,74.230003,9950900
26/01/2017,75.190002,75.309998,74.849998,75.010002,8651700
25/01/2017,74.580002,75.18,74.559998,74.949997,9410300
24/01/2017,74.040001,74.879997,73.900002,74.559998,11857200
23/01/2017,74.199997,74.349998,73.389999,73.75,15207000
20/01/2017,74.739998,74.989998,74.290001,74.540001,9182200
19/01/2017,74.669998,74.699997,74.080002,74.260002,9000900
18/01/2017,74.43,74.870003,74.339996,74.669998,8725200
17/01/2017,74.610001,75.019997,74.550003,74.839996,9539500
13/01/2017,74.5,74.660004,74.190002,74.379997,9906700
12/01/2017,75.330002,75.410004,74.300003,74.599998,10895600
11/01/2017,74.370003,75.050003,74.059998,74.910004,13127000
10/01/2017,74.730003,74.900002,74.050003,74.110001,9660800
09/01/2017,75.389999,75.459999,74.68,74.790001,10905500
06/01/2017,76.059998,76.150002,75.389999,75.889999,7410500
05/01/2017,76.059998,76.339996,75.459999,75.82,11141200
04/01/2017,76.230003,76.370003,75.760002,76.010002,11185500
03/01/2017,76.110001,76.809998,75.360001,76.169998,24623100
30/12/2016,75.470001,75.889999,75.080002,75.32,8853300
29/12/2016,75.580002,75.800003,75.269997,75.540001,6630500
28/12/2016,76.690002,76.720001,75.629997,75.690002,8093700
27/12/2016,76.470001,76.779999,76.400002,76.519997,10008900
23/12/2016,76.300003,76.510002,76.18,76.349998,6385700
22/12/2016,76.160004,76.620003,76.010002,76.419998,10970400
21/12/2016,76.150002,76.459999,75.730003,76.110001,8102700
20/12/2016,76.550003,76.650002,75.779999,75.989998,8982100
19/12/2016,76.43,76.57,76.010002,76.160004,7113200
16/12/2016,76.580002,76.580002,76.120003,76.510002,16655800
15/12/2016,75.949997,76.720001,75.519997,76.440002,20251800
14/12/2016,77.459999,77.769997,76.059998,76.269997,19851400
13/12/2016,77.540001,78.389999,76.830002,77.830002,16028600
12/12/2016,78.300003,78.449997,76.639999,76.959999,16130200
09/12/2016,76.760002,76.760002,76.160004,76.599998,8974800
08/12/2016,76.150002,76.459999,75.559998,76.360001,14600200
07/12/2016,75.18,76.059998,75.18,75.949997,16008300
06/12/2016,75.029999,75.650002,74.580002,75.349998,16963500
05/12/2016,75.510002,76.099998,75.190002,75.489998,22535100
02/12/2016,74.57,75.18,74.360001,74.830002,18338800
01/12/2016,75.809998,76.059998,74.550003,74.610001,27382400
30/11/2016,73.290001,75.120003,73.290001,74.43,44854800
29/11/2016,70.620003,71.260002,70.07,70.830002,18361700
28/11/2016,73.07,73.089996,71.580002,71.709999,18790100
25/11/2016,72.769997,72.93,72.360001,72.720001,8791800
23/11/2016,72.43,73.309998,72.349998,73.080002,11452400
22/11/2016,72.839996,73.199997,71.900002,72.779999,16013200
21/11/2016,72.129997,72.900002,72.129997,72.82,16875400
18/11/2016,71.089996,71.529999,70.730003,71.129997,11962300
17/11/2016,71.919998,72.389999,70.660004,70.839996,10338000
16/11/2016,71.660004,72.139999,71.099998,71.32,16589700
15/11/2016,70.459999,71.860001,70.400002,71.82,19228700
14/11/2016,69.209999,69.919998,68.830002,69.849998,12443900
11/11/2016,70.330002,70.470001,68.889999,69.459999,17659700
10/11/2016,70.400002,71.279999,70.160004,70.75,20634800
09/11/2016,69.559998,70.970001,68.75,70.449997,25993800
08/11/2016,68.889999,69.709999,68.790001,69.32,10982800
07/11/2016,68.540001,69.269997,68.540001,69.230003,14799500
04/11/2016,67.800003,68.459999,67.360001,67.769997,17554100
03/11/2016,67.870003,68.260002,67.5,68.139999,12748100
02/11/2016,67.980003,68.220001,67,67.870003,22983000
01/11/2016,69.129997,69.370003,67.879997,68.629997,18824800
31/10/2016,69.120003,69.489998,68.5,68.620003,12973800
28/10/2016,69.440002,70.43,68.93,69.370003,18558400
27/10/2016,70.120003,70.220001,69.540001,69.559998,14206300
26/10/2016,69.040001,70.110001,68.919998,69.82,17867800
25/10/2016,69.959999,70.709999,69.540001,69.660004,13227100
24/10/2016,70.190002,70.43,69.209999,69.980003,10668400
21/10/2016,70.190002,70.309998,69.779999,70.190002,14238500
20/10/2016,70.309998,70.940002,69.919998,70.650002,12494500
19/10/2016,70.279999,71.269997,70.209999,70.730003,14315900
18/10/2016,70.150002,70.300003,69.43,69.739998,6821200
17/10/2016,69.82,70.040001,69.080002,69.459999,7425000
14/10/2016,70.57,70.800003,69.75,69.800003,11372400
13/10/2016,70.160004,70.57,69.290001,70.209999,13543400
12/10/2016,70.599998,70.849998,70,70.599998,10439100
11/10/2016,71.470001,71.589996,70.510002,70.900002,13712200
10/10/2016,70.610001,71.980003,70.610001,71.720001,11495000
07/10/2016,71.029999,71.330002,70.400002,70.610001,11744400
06/10/2016,71.120003,71.349998,70.379997,71.019997,11175800
05/10/2016,70.550003,71.239998,70.480003,70.910004,13351200
04/10/2016,70.620003,70.790001,69.559998,69.839996,11852800
03/10/2016,70.730003,70.839996,69.970001,70.559998,13154900
30/09/2016,70.150002,70.980003,69.699997,70.610001,14714500
29/09/2016,69.730003,70.449997,69.029999,69.660004,27001600
28/09/2016,67.279999,69.879997,66.709999,69.779999,41143400
27/09/2016,66.669998,67.07,66.139999,66.889999,19410200
26/09/2016,67.870003,68.230003,67.209999,67.339996,13240200
23/09/2016,68.220001,68.839996,67.25,67.639999,23075200
22/09/2016,69.209999,69.459999,68.489998,68.550003,13315900
21/09/2016,67.5,68.5,67.419998,68.470001,20260900
20/09/2016,67.330002,67.790001,66.870003,66.919998,14132900
19/09/2016,68,68.190002,67.400002,67.410004,11748600
16/09/2016,67.010002,67.699997,67.010002,67.449997,17394400
15/09/2016,67.839996,68.910004,67.730003,68.410004,16477400
14/09/2016,68.300003,69.120003,67.400002,67.57,26470200
13/09/2016,69.620003,69.650002,68.18,68.379997,24580400
12/09/2016,69.209999,70.75,69.080002,70.389999,21972900
09/09/2016,71.169998,71.389999,69.699997,69.699997,21771800
08/09/2016,70.970001,71.940002,70.629997,71.839996,17837900
07/09/2016,70.440002,70.669998,70.129997,70.519997,15094500
06/09/2016,69.260002,70.18,69.199997,70.120003,12844100
02/09/2016,68.980003,69.25,68.650002,69.080002,10794400
01/09/2016,68.220001,68.470001,67.769997,68.309998,16668500
31/08/2016,69.220001,69.32,68.129997,68.510002,13232800
30/08/2016,70.010002,70.279999,69.349998,69.610001,7132900
29/08/2016,69.18,69.910004,69.099998,69.849998,7323800
26/08/2016,69.739998,70.279999,69.050003,69.379997,14575100
25/08/2016,69.699997,69.910004,69.389999,69.620003,11895800
24/08/2016,69.699997,70.160004,69.629997,69.809998,16452600
23/08/2016,69.599998,70.269997,69.599998,70.089996,12456200
22/08/2016,69.800003,69.93,69.279999,69.599998,14136700
19/08/2016,70.769997,70.769997,70.150002,70.410004,11045700
18/08/2016,69.809998,71,69.739998,71,24148500
17/08/2016,69.019997,69.610001,68.949997,69.57,14719500
16/08/2016,69.129997,69.580002,68.709999,69.360001,10242800
15/08/2016,69.089996,69.389999,68.889999,69.25,10703400
12/08/2016,68.5,68.910004,68.32,68.699997,10189700
11/08/2016,67.620003,68.610001,67.470001,68.32,17295000
10/08/2016,68.209999,68.360001,67.190002,67.330002,18036800
09/08/2016,68.620003,68.730003,67.800003,68.07,11128400
08/08/2016,68,68.889999,67.980003,68.43,21663400
05/08/2016,66.959999,67.620003,66.839996,67.529999,11426800
04/08/2016,66.769997,67.379997,66.540001,66.919998,16767900
03/08/2016,65.760002,67.050003,65.5,67.019997,23905600
02/08/2016,65.620003,66.07,64.57,65.75,25600100
01/08/2016,66.790001,66.839996,64.93,65.160004,30648500
29/07/2016,65.75,67.459999,65.690002,67.379997,16501800
28/07/2016,66.610001,67.019997,66.230003,66.699997,10863500
27/07/2016,67.440002,67.93,66.400002,66.690002,16155500
26/07/2016,66.57,67.410004,66.529999,67.349998,12393900
25/07/2016,67.870003,68.019997,66.709999,66.959999,12771700
22/07/2016,68.260002,68.43,67.879997,68.32,7990600
21/07/2016,68.599998,69.230003,67.940002,68.110001,9256900
20/07/2016,68.610001,69.129997,68.040001,68.790001,11555000
19/07/2016,69.110001,69.220001,68.629997,68.889999,6991900
18/07/2016,69.029999,69.309998,68.589996,69.279999,9401100
15/07/2016,69.519997,69.68,68.970001,69.230003,9129500
14/07/2016,69.459999,69.629997,69.07,69.269997,10898600
13/07/2016,69.32,69.699997,68.279999,68.919998,12546200
12/07/2016,68.860001,69.82,68.720001,69.519997,15524500
11/07/2016,68.07,68.389999,67.779999,67.839996,9750400
08/07/2016,67.419998,67.949997,67.050003,67.709999,11567900
07/07/2016,67.510002,68.339996,66.349998,66.82,14088800
06/07/2016,66.830002,67.559998,66.370003,67.510002,15897500
05/07/2016,67.68,67.919998,66.550003,67.220001,15069900
01/07/2016,68.160004,68.849998,68.110001,68.599998,12678800
30/06/2016,67.410004,68.279999,67.269997,68.239998,12132300
29/06/2016,66.849998,68.099998,66.849998,67.699997,16354400
28/06/2016,65.849998,66.449997,65.470001,66.440002,14550400
27/06/2016,65.870003,65.93,64.110001,64.639999,21659700
24/06/2016,66.349998,67.550003,66.290001,66.779999,26879900
23/06/2016,68.599998,69.029999,68.339996,69.010002,9538500
22/06/2016,68.57,68.57,67.830002,67.889999,10258200
21/06/2016,67.32,68.410004,67.120003,68.269997,11222300
20/06/2016,67.849998,68,67.410004,67.470001,10913200
17/06/2016,66.900002,67.019997,66.5,66.889999,17435900
16/06/2016,66.25,66.75,65.339996,66.650002,19993700
15/06/2016,66.879997,67.779999,66.5,66.970001,16829500
14/06/2016,66.889999,67.470001,66.370003,67.129997,12202500
13/06/2016,67.040001,68.080002,66.970001,67.169998,11587900
10/06/2016,68.150002,68.589996,67.279999,67.370003,14490200
09/06/2016,68.589996,69.209999,68.519997,68.860001,12340600
08/06/2016,69.970001,70.260002,69.199997,69.389999,18129700
07/06/2016,68.230003,69.730003,68.209999,69.550003,15618300
06/06/2016,67.190002,68.07,67.07,68.010002,18223800
03/06/2016,66.800003,67.150002,66.150002,66.540001,12157700
02/06/2016,66.379997,66.839996,66.129997,66.800003,12825000
01/06/2016,66.220001,67.089996,66.050003,66.889999,16695700
31/05/2016,67.290001,67.82,66.57,66.870003,15406100
27/05/2016,66.849998,67.18,66.480003,67.129997,9258700
26/05/2016,67.629997,67.919998,66.879997,67.089996,10653100
25/05/2016,66.720001,67.470001,66.660004,67.370003,14255500
24/05/2016,66.330002,66.709999,65.910004,66.32,11302900
23/05/2016,65.769997,66.279999,65.540001,65.989998,10135200
20/05/2016,65.970001,66.300003,65.57,66.160004,9833500
19/05/2016,65.099998,65.919998,64.489998,65.769997,16854900
18/05/2016,66.389999,66.610001,65.339996,65.760002,22951800
17/05/2016,66.099998,66.910004,65.889999,66.400002,15837300
16/05/2016,65.839996,66.300003,65.650002,66.089996,13727700
13/05/2016,65.540001,66.040001,64.849998,64.989998,12371900
12/05/2016,66.239998,66.739998,65.339996,65.830002,12477200
11/05/2016,65.290001,66.230003,64.760002,65.650002,14214800
10/05/2016,64.650002,65.470001,64.620003,65.449997,10337100
09/05/2016,64.900002,65.040001,63.5,64.32,16020800
06/05/2016,65,66.07,64.830002,65.269997,12545500
05/05/2016,65.989998,66.349998,64.879997,65.419998,14352000
04/05/2016,65.879997,66.339996,64.5,64.889999,18605400
03/05/2016,66.519997,66.639999,65.43,65.839996,16158100
02/05/2016,67.379997,67.660004,66.599998,67.43,15066000
29/04/2016,67.760002,68.419998,66.470001,67.5,24107400
28/04/2016,68.32,68.82,67.349998,67.610001,15555200
27/04/2016,67.699997,68.779999,67.650002,68.629997,21962400
26/04/2016,66.669998,67.379997,66.510002,67.349998,13585700
25/04/2016,66.809998,66.82,65.790001,66.290001,17234300
22/04/2016,66.239998,67.290001,66.190002,67.040001,15764500
21/04/2016,66.559998,66.839996,65.940002,66.080002,19335100
20/04/2016,65.529999,66.980003,65.32,66.470001,21088300
19/04/2016,64.959999,65.949997,64.660004,65.879997,17341400
18/04/2016,62.23,64.75,62.080002,64.589996,20564700
15/04/2016,64.050003,64.160004,63.459999,63.540001,14221200
14/04/2016,64.529999,64.540001,64.029999,64.410004,17364000
13/04/2016,63.93,64.449997,63.48,64.260002,18702900
12/04/2016,62.349998,64.330002,62.220001,63.959999,26723100
11/04/2016,62.869999,63.060001,62.110001,62.110001,16235700
08/04/2016,62.290001,62.709999,62.060001,62.369999,17666500
07/04/2016,61.02,61.59,60.630001,61.139999,13927100
06/04/2016,60.689999,61.509998,60.240002,61.5,18042500
05/04/2016,60.099998,60.630001,59.939999,60.200001,16048800
04/04/2016,60.950001,61.59,60.43,60.610001,15809500
01/04/2016,60.82,61.240002,60.610001,61.060001,14804800
31/03/2016,61.68,62.369999,61.580002,61.889999,14046400
30/03/2016,62.360001,62.619999,61.560001,61.919998,15744800
29/03/2016,60.82,61.849998,60.459999,61.799999,14340700
28/03/2016,61.860001,62.029999,61.080002,61.509998,11564900
24/03/2016,60.689999,61.84,60.400002,61.84,15516000
23/03/2016,62.470001,62.700001,61.419998,61.540001,18873800
22/03/2016,62.529999,63.490002,62.490002,62.919998,14180100
21/03/2016,63.240002,63.689999,62.57,63.27,16698500
18/03/2016,63.790001,63.849998,62.900002,63.490002,30474000
17/03/2016,63.41,64.279999,62.84,63.759998,28160800
16/03/2016,62.200001,63.040001,61.77,62.900002,26970400
15/03/2016,61.099998,61.84,60.66,61.830002,21719600
14/03/2016,61.580002,62.169998,61.34,61.950001,21766100
11/03/2016,61.59,62.57,61.52,62.360001,24783600
10/03/2016,60.48,60.860001,59.689999,60.790001,28623600
09/03/2016,60.580002,61.52,59.84,60.740002,25467600
08/03/2016,61.880001,61.919998,59.669998,59.77,29817600
07/03/2016,60.93,62.459999,60.639999,62.389999,33360500
04/03/2016,60.720001,61.830002,60.07,60.959999,30551600
03/03/2016,59.240002,60.490002,59.209999,60.380001,24386200
02/03/2016,57.700001,59.52,57.419998,59.48,26795000
01/03/2016,56.98,58.150002,56.400002,58.060001,23643000
29/02/2016,57.459999,57.619999,56.529999,56.580002,22983300
26/02/2016,57.84,58,57.040001,57.23,21155100
25/02/2016,56.669998,57.040001,55.779999,56.889999,18449100
24/02/2016,55.220001,56.970001,55.07,56.84,25279800
23/02/2016,57.700001,57.98,56.169998,56.27,21455000
22/02/2016,57.889999,58.52,57.639999,58.259998,24708300
19/02/2016,56.18,56.830002,55.700001,56.810001,25128800
18/02/2016,58.150002,58.240002,56.66,56.939999,28832300
17/02/2016,56.5,57.91,56.279999,57.66,29280000
16/02/2016,56.209999,56.380001,55.02,55.830002,33800200
12/02/2016,54.599998,55.52,54.110001,55.279999,25782000
11/02/2016,53.150002,54.27,52.369999,53.860001,47986900
10/02/2016,54.150002,55.32,53.509998,54.09,30215800
09/02/2016,54.82,55.490002,53.439999,54.310001,36733000
08/02/2016,54.830002,56,54,55.650002,34806700
05/02/2016,56.5,56.740002,55.470001,55.939999,30241000
04/02/2016,57.419998,58.5,57,57.27,36700800
03/02/2016,56.130001,57.349998,54.110001,57.299999,36440700
02/02/2016,55.84,56.099998,55.049999,55.330002,25231200
01/02/2016,57.240002,57.669998,56.389999,57.240002,27685100
29/01/2016,56.66,58.27,56.490002,58.209999,31498200
28/01/2016,56.970001,57.189999,55.43,56.560001,38171900
27/01/2016,54.77,56.419998,54.200001,54.889999,36494500
26/01/2016,54.099998,55.220001,53.400002,55.150002,25165000
25/01/2016,54.68,56.080002,53.099998,53.139999,29120000
22/01/2016,55.330002,56.119999,54.450001,55.740002,38622500
21/01/2016,51.709999,54.029999,51.369999,53.380001,43670700
20/01/2016,52.130001,52.549999,49.93,51.77,51307400
19/01/2016,54.759998,55.02,52.330002,53.18,35872300
15/01/2016,53.630001,54.869999,53.32,54.349998,36880200
14/01/2016,54.209999,56.459999,53.360001,55.970001,38074300
13/01/2016,55.650002,56.049999,53.080002,53.66,33958400
12/01/2016,55.700001,55.880001,53.459999,54.98,35594100
11/01/2016,56.279999,56.349998,54.16,54.849998,28316100
08/01/2016,57.259998,57.389999,55.84,56.049999,19227100
07/01/2016,57.07,58.380001,56.540001,56.779999,28081900
06/01/2016,59.099998,59.220001,57.709999,58.200001,26962100
05/01/2016,60.259998,60.599998,59.59,60.529999,15529200
04/01/2016,60.16,60.779999,59.299999,60.299999,21808700
31/12/2015,59.77,60.639999,59.580002,60.32,19202400
30/12/2015,60.029999,60.889999,59.990002,60.049999,15051200
29/12/2015,61.490002,61.669998,60.540001,60.869999,15106300
28/12/2015,60.5,60.82,60.139999,60.450001,12367800
24/12/2015,62.209999,62.290001,61.349998,61.57,7215300
23/12/2015,60.740002,62.169998,60.529999,62.130001,30210500
22/12/2015,59.060001,59.919998,58.77,59.540001,25251100
21/12/2015,58.799999,59.32,58.209999,58.849998,24015000
18/12/2015,59.900002,59.939999,58.77,58.790001,27139200
17/12/2015,61.939999,62.060001,60.380001,60.380001,29074800
16/12/2015,62.07,62.720001,61.240002,61.900002,28751200
15/12/2015,61.639999,62.599998,61.560001,62.310001,29070300
14/12/2015,60.169998,61.099998,59.52,60.779999,39016200
11/12/2015,61.73,61.959999,60.400002,60.459999,29004000
10/12/2015,62.439999,63.740002,62.009998,62.810001,38914900
09/12/2015,61.880001,63.73,61.529999,62.41,28756900
08/12/2015,60.869999,62.439999,60.25,61.599998,27336900
07/12/2015,63.099998,63.189999,61.349998,62.240002,32800400
04/12/2015,64.5,65.080002,63.48,64.699997,32839300
03/12/2015,66.760002,66.980003,64.790001,65.110001,24219200
02/12/2015,68.110001,68.370003,66.220001,66.440002,25428100
01/12/2015,68.080002,68.620003,67.910004,68.559998,13797000
30/11/2015,68.050003,68.68,67.769997,68.019997,17605300
27/11/2015,67.709999,68.050003,67.529999,67.769997,8376400
25/11/2015,68.239998,68.830002,67.839996,68.260002,11100600
24/11/2015,67.699997,69.129997,67.57,68.82,18943100
23/11/2015,66.839996,67.760002,66.410004,67.379997,16407300
20/11/2015,67.639999,67.949997,66.830002,66.900002,14214000
19/11/2015,68.139999,68.510002,67.059998,67.620003,18912500
18/11/2015,67.900002,68.629997,67.260002,68.540001,20951500
17/11/2015,68,68.279999,67.18,67.43,15228900
16/11/2015,65.889999,68.25,65.839996,68.18,17363100
13/11/2015,66.029999,66.580002,65.199997,65.980003,17779600
12/11/2015,66.839996,67.309998,66.129997,66.25,19311500
11/11/2015,69.25,69.349998,67.629997,67.790001,14369700
10/11/2015,68.82,69.870003,68.559998,69.260002,12685400
09/11/2015,69.639999,70.410004,68.82,69.110001,12687000
06/11/2015,69.540001,70.080002,68.769997,69.800003,13761200
05/11/2015,70.410004,71.190002,69.839996,70.160004,16233500
04/11/2015,71.470001,71.669998,70.230003,70.760002,17679500
03/11/2015,70.110001,71.93,70.080002,71.400002,21327200
02/11/2015,67.620003,69.980003,67.519997,69.620003,15386900
30/10/2015,67.949997,68.760002,67.150002,68.029999,14257200
29/10/2015,67,68.220001,66.900002,67.589996,9732300
28/10/2015,66.25,67.699997,65.720001,67.25,19756500
27/10/2015,65.669998,66.010002,65.110001,65.790001,21107300
26/10/2015,68.129997,68.129997,66.57,66.589996,11836100
23/10/2015,68.099998,68.900002,67.660004,68.260002,15631000
22/10/2015,67.580002,68.580002,67.550003,68.419998,18740700
21/10/2015,67.75,68.080002,67.139999,67.209999,14662100
20/10/2015,67.720001,68.370003,67.360001,68.050003,13756500
19/10/2015,68.540001,68.580002,67.5,67.860001,19500200
16/10/2015,69.379997,69.559998,68.279999,69.230003,20031200
15/10/2015,67.610001,69.169998,67.379997,69.139999,19508200
14/10/2015,67.190002,68.169998,67.040001,67.919998,15176700
13/10/2015,67.529999,68.349998,67.150002,67.339996,20837800
12/10/2015,69.050003,69.059998,67.43,68.050003,21746200
09/10/2015,69.540001,69.620003,68.510002,68.940002,25985700
08/10/2015,67.959999,69.669998,67.540001,69.389999,27071700
07/10/2015,68.099998,68.940002,66.699997,68.089996,40003100
06/10/2015,66.010002,67.739998,65.660004,67.239998,27466400
05/10/2015,64.650002,66,64.589996,65.779999,23807000
02/10/2015,60.619999,63.889999,60.509998,63.849998,19929800
01/10/2015,61.98,62.66,60.77,61.32,17445500
30/09/2015,60.34,61.43,60.27,61.209999,16025800
29/09/2015,60.169998,60.66,59.389999,59.790001,18881200
28/09/2015,61.720001,61.720001,59.830002,59.880001,16351400
25/09/2015,62.939999,62.939999,61.810001,62.369999,15833400
24/09/2015,61.5,62.689999,61.09,62.25,18912000
23/09/2015,63.029999,63.32,61.950001,61.98,13984700
22/09/2015,62.48,63.450001,62.349998,62.790001,17050400
21/09/2015,63.77,63.93,63.060001,63.459999,15689700
18/09/2015,63.580002,64.050003,62.720001,63.060001,21146700
17/09/2015,65.370003,66.440002,64.860001,65.279999,19822700
16/09/2015,64.029999,65.410004,63.93,65.32,17216700
15/09/2015,63.02,63.73,63.009998,63.52,14645400
14/09/2015,62.93,63.209999,62.5,62.82,12481300
11/09/2015,63.299999,63.450001,62.490002,63.369999,13344300
10/09/2015,63.84,64.300003,62.959999,63.939999,18492800
09/09/2015,65.239998,66.019997,63.470001,63.599998,18405500
08/09/2015,64.480003,64.879997,63.689999,64.769997,15627600
04/09/2015,63.93,64.25,63.52,63.790001,16684200
03/09/2015,65.110001,66.25,64.459999,64.879997,21895000
02/09/2015,65,65.099998,63.18,64.68,25528900
01/09/2015,64.519997,65.279999,63.540001,64.089996,28712600
31/08/2015,65.25,66.860001,64.080002,66.480003,35958500
28/08/2015,64.07,66.419998,64.040001,65.739998,31463400
27/08/2015,62.68,64.440002,62.450001,64.300003,32241400
26/08/2015,60.720001,61.330002,59.540001,61.299999,39732200
25/08/2015,62.73,62.73,59.169998,59.220001,27696600
24/08/2015,59.790001,62.580002,58.740002,60.130001,43001100
21/08/2015,65.139999,65.849998,63.459999,63.459999,25420200
20/08/2015,67.139999,67.599998,65.790001,65.800003,25336600
19/08/2015,68.849998,68.959999,67,67.32,20183000
18/08/2015,69.360001,69.540001,68.889999,69.230003,11063400
17/08/2015,69,69.830002,68.769997,69.480003,9532100
14/08/2015,69.639999,70.120003,69.18,69.339996,12061100
13/08/2015,70.099998,70.360001,69.400002,69.489998,19813600
12/08/2015,69.059998,70.739998,68.660004,70.559998,23483000
11/08/2015,67.790001,69.370003,67.660004,69.300003,20951400
10/08/2015,67.169998,69.220001,67.169998,69.18,19444400
07/08/2015,67.970001,68.510002,66.790001,66.989998,17081700
06/08/2015,66.779999,68.43,66.290001,68.279999,23259600
05/08/2015,68.220001,68.970001,67.110001,67.18,18473800
04/08/2015,68.220001,68.75,67.400002,67.690002,12762500
03/08/2015,68.639999,69.07,67.779999,67.919998,16926600
31/07/2015,70.32,70.419998,69.269997,69.379997,21789400
30/07/2015,71.279999,71.489998,70.620003,70.93,12627200
29/07/2015,70.290001,71.5,70.07,71.43,23427300
28/07/2015,68.610001,70.849998,68.559998,70.470001,18938600
27/07/2015,68.620003,69.32,68.209999,68.510002,17196700
24/07/2015,70.870003,70.900002,69.25,69.529999,12554100
23/07/2015,71,71.449997,70.330002,70.870003,11284600
22/07/2015,71.220001,71.650002,70.779999,70.93,15209300
21/07/2015,71.650002,72.220001,71.290001,71.510002,10619000
20/07/2015,72.57,72.580002,71.389999,71.480003,13454400
17/07/2015,73.260002,73.330002,72.199997,72.440002,14096000
16/07/2015,73.650002,73.870003,73.190002,73.330002,7860700
15/07/2015,74.160004,74.529999,72.970001,73.230003,12708300
14/07/2015,73.800003,74.839996,73.769997,74.540001,12654200
13/07/2015,73.739998,74.190002,73.540001,73.980003,14358800
10/07/2015,73.529999,73.989998,73.129997,73.459999,13250400
09/07/2015,73.720001,74.029999,73.089996,73.110001,11956000
08/07/2015,73.709999,74.220001,72.419998,72.720001,16521300
07/07/2015,73.260002,74.480003,72.43,74.220001,20686100
06/07/2015,73.550003,74.260002,73.239998,73.540001,13509100
02/07/2015,74.400002,74.93,74.339996,74.470001,9700200
01/07/2015,75.309998,75.339996,73.900002,74.199997,13910100
30/06/2015,75.330002,75.449997,74.68,75.160004,15170600
29/06/2015,75.120003,75.599998,74.580002,74.620003,13897200
26/06/2015,75.760002,76.099998,75.339996,76.019997,11772300
25/06/2015,76.589996,76.68,75.809998,75.839996,8685700
24/06/2015,76.919998,77.360001,76.580002,76.610001,6798300
23/06/2015,76.730003,77.230003,76.650002,77.099998,7117700
22/06/2015,76.599998,76.910004,76.260002,76.860001,10577400
19/06/2015,76.290001,76.599998,75.879997,75.900002,17234900
18/06/2015,77.419998,77.769997,77.059998,77.129997,12672600
17/06/2015,77.779999,78.120003,76.790001,77.18,10413700
16/06/2015,76.910004,77.389999,76.540001,77.370003,9017600
15/06/2015,76.419998,77.18,76.190002,76.760002,8075500
12/06/2015,77.379997,77.440002,76.82,76.970001,10504500
11/06/2015,78.309998,78.440002,77.75,77.82,8416500
10/06/2015,78.169998,78.389999,77.900002,78.139999,9785400
09/06/2015,77.699997,78.190002,77.190002,77.220001,11033100
08/06/2015,77.370003,77.82,77.050003,77.230003,9634800
05/06/2015,76.779999,78.360001,76.75,77.669998,18956000
04/06/2015,77.779999,77.93,77.07,77.129997,15946100
03/06/2015,78.489998,79.07,78.080002,78.190002,8640300
02/06/2015,78.43,79.110001,78.010002,78.730003,10076400
01/06/2015,78.589996,78.599998,78.089996,78.190002,8487200
29/05/2015,78.459999,78.889999,78.199997,78.389999,12958500
28/05/2015,78.519997,78.620003,77.980003,78.480003,12164200
27/05/2015,78.879997,79.519997,78.360001,78.790001,11375000
26/05/2015,79.550003,79.720001,78.629997,78.93,13183600
22/05/2015,79.940002,80.559998,79.790001,80.199997,6360700
21/05/2015,80.190002,80.610001,79.900002,80.489998,10087300
20/05/2015,79.870003,80,79.279999,79.739998,12623800
19/05/2015,80.199997,80.279999,79.470001,79.589996,13919800
18/05/2015,80.510002,80.839996,80.169998,80.739998,7217100
15/05/2015,80.010002,80.989998,79.809998,80.669998,9780600
14/05/2015,80.610001,81.150002,80.300003,80.349998,9617900
13/05/2015,81.290001,81.389999,80.080002,80.379997,12534700
12/05/2015,80.099998,81.010002,79.959999,80.589996,9851500
11/05/2015,81.839996,81.879997,80.139999,80.220001,18144400
08/05/2015,81.080002,81.849998,80.160004,81.760002,14515200
07/05/2015,81.160004,81.18,79.839996,80.440002,17396600
06/05/2015,82.370003,82.699997,80.940002,81.32,16388600
05/05/2015,83.279999,83.660004,81.610001,81.639999,16076300
04/05/2015,83.07,83.349998,82.239998,82.660004,14434200
01/05/2015,82.760002,83.010002,82.209999,82.870003,11354600
30/04/2015,83.25,83.379997,82.209999,82.68,16552100
29/04/2015,82.010002,83.059998,81.75,82.940002,15903100
28/04/2015,81.870003,82.449997,81.610001,82.300003,11125400
27/04/2015,82.32,82.57,81.75,81.889999,11325600
24/04/2015,82.199997,82.279999,81.589996,81.980003,11507600
23/04/2015,82.07,82.980003,81.980003,82.449997,12575800
22/04/2015,81.559998,82.199997,81.019997,81.889999,10129500
21/04/2015,82.43,82.480003,81.010002,81.349998,11820400
20/04/2015,82,83.120003,81.970001,82.220001,12495200
17/04/2015,82.120003,82.230003,81.260002,81.910004,16917400
16/04/2015,82.389999,83.230003,81.860001,82.510002,21277500
15/04/2015,81.230003,82.870003,81.07,82.699997,20006900
14/04/2015,79.860001,80.959999,79.760002,80.769997,13582100
13/04/2015,80.489998,80.599998,79.209999,79.339996,9940300
10/04/2015,80,80.269997,79.660004,80.139999,8850500
09/04/2015,78.739998,79.970001,78.669998,79.790001,13875100
08/04/2015,79.540001,79.730003,78.5,78.529999,12045700
07/04/2015,79.050003,79.709999,78.830002,79.169998,14142100
06/04/2015,78.169998,79.550003,77.809998,79.120003,15543300
02/04/2015,77.199997,78.169998,77.019997,77.720001,13857700
01/04/2015,77.830002,78.230003,77.400002,77.559998,13185100
31/03/2015,77.449997,78,77,77.580002,9403700
30/03/2015,77.139999,78.190002,77.110001,78.040001,18187800
27/03/2015,76.739998,76.889999,76.239998,76.400002,11770800
26/03/2015,78.010002,78.25,76.75,77.029999,15318600
25/03/2015,76.610001,77.699997,76.529999,77.120003,15898500
24/03/2015,76.839996,76.959999,76.080002,76.129997,14780900
23/03/2015,77.080002,77.599998,76.639999,76.639999,11966400
20/03/2015,76.629997,77.360001,76.330002,76.910004,22610600
19/03/2015,76.599998,76.93,76.089996,76.309998,23240900
18/03/2015,74.860001,77.949997,74.739998,77.540001,27676200
17/03/2015,75.18,75.629997,74.800003,75.349998,13818500
16/03/2015,74.220001,75.699997,73.989998,75.639999,16948500
13/03/2015,74.419998,74.720001,73.82,74.629997,21011900
12/03/2015,75.510002,75.870003,74.879997,74.910004,19245000
11/03/2015,75.300003,75.699997,74.849998,75.389999,13051000
10/03/2015,75.620003,76.059998,75.129997,75.169998,19018800
09/03/2015,76.650002,77.529999,76.230003,76.230003,17441100
06/03/2015,77.629997,78.029999,76.589996,76.779999,19176300
05/03/2015,78.449997,78.550003,78.059998,78.18,11244500
04/03/2015,78.779999,78.839996,77.779999,78.650002,16458300
03/03/2015,78.519997,79.230003,78.169998,78.760002,12349700
02/03/2015,78.860001,78.93,77.709999,78.470001,17978500
27/02/2015,79.68,79.739998,78.940002,79.019997,13362200
26/02/2015,80.389999,80.43,78.949997,79.370003,19349100
25/02/2015,80.489998,81,80.089996,80.870003,16025700
24/02/2015,80.699997,80.769997,79.910004,80.43,15387400
23/02/2015,79.75,80.860001,79.550003,80.209999,19679500
20/02/2015,80.709999,81.120003,79.870003,80.540001,25641800
19/02/2015,79.620003,81.389999,79.260002,80.93,23872000
18/02/2015,81.620003,81.949997,81.089996,81.309998,19121300
17/02/2015,81.650002,82.43,81.169998,82.290001,22125900
