<application>
  <component name="ProjectJdkTable">
    <jdk version="2">
      <name value="Python 3.8 (AnignoraHomeAssistant)" />
      <type value="Python SDK" />
      <version value="Python 3.8.1" />
      <homePath value="C:\Python381\python.exe" />
      <roots>
        <classPath>
          <root type="composite">
            <root url="file://C:/Python381/DLLs" type="simple" />
            <root url="file://C:/Python381/Lib" type="simple" />
            <root url="file://C:/Python381" type="simple" />
            <root url="file://C:/Python381/Lib/site-packages" type="simple" />
            <root url="file://$USER_HOME$/.PyCharmCE2019.3/system/python_stubs/1368002615" type="simple" />
            <root url="file://$APPLICATION_HOME_DIR$/plugins/python-ce/helpers/python-skeletons" type="simple" />
            <root url="file://$APPLICATION_HOME_DIR$/plugins/python-ce/helpers/typeshed/stdlib/3" type="simple" />
            <root url="file://$APPLICATION_HOME_DIR$/plugins/python-ce/helpers/typeshed/stdlib/2and3" type="simple" />
            <root url="file://$APPLICATION_HOME_DIR$/plugins/python-ce/helpers/typeshed/third_party/3" type="simple" />
            <root url="file://$APPLICATION_HOME_DIR$/plugins/python-ce/helpers/typeshed/third_party/2and3" type="simple" />
          </root>
        </classPath>
        <sourcePath>
          <root type="composite" />
        </sourcePath>
      </roots>
      <additional ASSOCIATED_PROJECT_PATH="D:/_CloudStorage/MegaAnignoGmail/Dev/python/AnignoraHomeAssistant" />
    </jdk>
  </component>
</application>