6/21/2004,17.26,19.12
6/22/2004,16.77,18.68
6/23/2004,15.79,17.87
6/24/2004,16.02,18.25
6/25/2004,16.23,18.36
6/28/2004,16.37,18.46
6/29/2004,15.98,18.32
6/30/2004,15.38,18.14
7/1/2004,15.67,18.28
7/2/2004,15.56,18.27
7/6/2004,16.22,18.72
7/7/2004,15.67,18.44
7/8/2004,15.94,18.82
7/9/2004,15.74,19.03
7/12/2004,15.09,19.03
7/13/2004,14.31,18.79
7/14/2004,18.74,18.74
7/15/2004,18.83,20.338
7/16/2004,18.95,20.458
7/19/2004,18.98,19.91
7/20/2004,18.46,19.61
7/21/2004,19.14,20.58
7/22/2004,18.42,20.24
7/23/2004,18.39,20.59
7/26/2004,18.55,20.66
7/27/2004,17.88,20.25
7/28/2004,17.5,20.05
7/29/2004,16.86,20.06
7/30/2004,16.68,20.06
8/2/2004,16.41,19.78
8/3/2004,16.58,19.72
8/4/2004,16.73,19.48
8/5/2004,17.61,19.91
8/6/2004,18.37,20.34
8/9/2004,18,19.91
8/10/2004,17.43,19.17
8/11/2004,17.49,19.35
8/12/2004,18.12,19.32
8/13/2004,17.87,19.02
8/16/2004,17.2,18.5
8/17/2004,16.6,18.19
8/18/2004,17.81,17.81
8/19/2004,17.89,19.132
8/20/2004,17.65,18.892
8/23/2004,17.47,18.77
8/24/2004,17.1,18.42
8/25/2004,16.5,17.59
8/26/2004,16.41,17.59
8/27/2004,16.15,17.47
8/30/2004,16.44,17.58
8/31/2004,16.17,17.58
9/1/2004,16.02,17.33
9/2/2004,15.39,16.6
9/3/2004,15.26,16.5
9/7/2004,14.89,16.15
9/8/2004,14.59,16.17
9/9/2004,14.46,16.04
9/10/2004,14.29,15.85
9/13/2004,13.73,15.6
9/14/2004,13.5,15.2
9/15/2004,15.48,16.71
9/16/2004,15.51,16.76
9/17/2004,15.54,16.74
9/20/2004,15.66,16.9
9/21/2004,15.34,16.58
9/22/2004,15.6,16.88
9/23/2004,15.61,16.92
9/24/2004,15.35,16.77
9/27/2004,15.52,16.93
9/28/2004,14.95,16.56
9/29/2004,14.35,16.26
9/30/2004,14.23,16.05
10/1/2004,13.57,15.4
10/4/2004,13.82,15.5
10/5/2004,13.87,15.5
10/6/2004,13.55,15.2
10/7/2004,14.15,15.43
10/8/2004,14.73,15.65
10/11/2004,14.81,15.64
10/12/2004,15.02,15.97
10/13/2004,15.99,15.99
10/14/2004,16.3,17.458
10/15/2004,15.99,17.148
10/18/2004,15.47,16.628
10/19/2004,15.6,16.758
10/20/2004,16.05,17.208
10/21/2004,15.32,16.7
10/22/2004,15.65,16.94
10/25/2004,16.11,17.19
10/26/2004,15.76,16.85
10/27/2004,15.81,16.76
10/28/2004,15.56,16.65
10/29/2004,15.6,16.57
11/1/2004,15.72,16.63
11/2/2004,15.22,16.28
11/3/2004,14.29,15.79
11/4/2004,13.72,15.29
11/5/2004,13.68,15.14
11/8/2004,13.84,15.23
11/9/2004,13.64,15.18
11/10/2004,13.12,14.98
11/11/2004,12.74,14.8
11/12/2004,12.8,14.77
11/15/2004,12.71,14.88
11/16/2004,12.58,15.16
11/17/2004,15.12,15.77
11/18/2004,15.12,15.77
11/19/2004,15.45,16.37
11/22/2004,15.22,16.28
11/23/2004,15.15,16.13
11/24/2004,15.03,16.02
11/26/2004,15.01,16.27
11/29/2004,15.06,16.15
11/30/2004,15.08,16.07
12/1/2004,14.88,15.85
12/2/2004,14.82,15.75
12/3/2004,14.81,15.48
12/6/2004,14.24,15.28
12/7/2004,14.47,15.32
12/8/2004,14.3,15.35
12/9/2004,14.22,15.4
12/10/2004,14.16,15.36
12/13/2004,13.87,15.11
12/14/2004,13.89,15.05
12/15/2004,13.93,14.99
12/16/2004,13.77,14.76
12/17/2004,13.8,14.86
12/20/2004,13.77,14.82
12/21/2004,13.5,14.55
12/22/2004,13.53,14.59
12/23/2004,13.45,14.51
12/27/2004,13.47,14.5
12/28/2004,13.43,14.7
12/29/2004,13.42,14.73
12/30/2004,13.48,14.81
12/31/2004,13.52,14.81
1/3/2005,13.83,14.95
1/4/2005,13.92,15.23
1/5/2005,13.99,15.08
1/6/2005,13.74,14.76
1/7/2005,13.67,14.66
1/10/2005,13.59,14.47
1/11/2005,13.72,14.6
1/12/2005,13.24,14.16
1/13/2005,13.05,14.23
1/14/2005,12.93,14.06
1/18/2005,12.32,13.62
1/19/2005,13.78,13.78
1/20/2005,13.93,14.502
1/21/2005,14.22,14.792
1/24/2005,14.15,14.45
1/25/2005,14.01,14.49
1/26/2005,13.71,14.4
1/27/2005,13.55,14.18
1/28/2005,13.38,14.14
1/31/2005,13.26,13.91
2/1/2005,12.83,13.46
2/2/2005,12.19,12.91
2/3/2005,12.29,12.68
2/4/2005,11.48,12.22
2/7/2005,11.59,12.2
2/8/2005,11.54,12.31
2/9/2005,11.88,12.33
2/10/2005,11.65,12.13
2/11/2005,11.37,11.82
2/14/2005,11.37,11.95
2/15/2005,11.25,11.98
2/16/2005,11.93,12.53
2/17/2005,12.04,12.81
2/18/2005,12.05,12.78
2/22/2005,12.5,13.28
2/23/2005,12.43,13.3
2/24/2005,12.27,13.07
2/25/2005,12.04,12.95
2/28/2005,12.29,13.12
3/1/2005,12.2,13.16
3/2/2005,12.46,13.37
3/3/2005,12.82,13.54
3/4/2005,12.33,13.18
3/7/2005,12.28,13.13
3/8/2005,12.5,13.29
3/9/2005,12.72,13.52
3/10/2005,12.65,13.51
3/11/2005,12.72,13.62
3/14/2005,12.7,13.64
3/15/2005,13.08,13.89
3/16/2005,14.08,14.08
3/17/2005,14.13,14.528
3/18/2005,14.13,14.528
3/21/2005,14.25,14.61
3/22/2005,14.56,14.97
3/23/2005,14.64,15.04
3/24/2005,14.44,14.86
3/28/2005,14.55,14.95
3/29/2005,15.02,15.18
3/30/2005,14.56,15.03
3/31/2005,14.55,15.04
4/1/2005,14.78,15.2
4/4/2005,15,15.2
4/5/2005,14.88,15.2
4/6/2005,14.35,15.04
4/7/2005,14.05,14.65
4/8/2005,14.04,14.69
4/11/2005,13.95,14.62
4/12/2005,13.61,14.27
4/13/2005,14.12,14.51
4/14/2005,14.93,15.24
4/15/2005,15.6,15.95
4/18/2005,15.6,15.97
4/19/2005,15.01,15.6
4/20/2005,15.4,15.85
4/21/2005,14.57,14.91
4/22/2005,15.03,15.14
4/25/2005,14.42,14.96
4/26/2005,14.76,15.05
4/27/2005,14.78,14.99
4/28/2005,15.55,15.68
4/29/2005,15.4,15.58
5/2/2005,14.95,15.11
5/3/2005,14.84,14.94
5/4/2005,14.21,14.4
5/5/2005,14.09,14.17
5/6/2005,14.19,14.21
5/9/2005,13.96,14.02
5/10/2005,14.42,14.57
5/11/2005,14.52,14.65
5/12/2005,15.41,15.43
5/13/2005,15.93,15.76
5/16/2005,15.53,15.52
5/17/2005,14.65,14.97
5/18/2005,14.31,14.95
5/19/2005,14.05,14.79
5/20/2005,13.85,14.75
5/23/2005,13.55,14.57
5/24/2005,13.48,14.48
5/25/2005,13.61,14.53
5/26/2005,13.1,14.39
5/27/2005,13.17,14.37
5/31/2005,13.27,14.56
6/1/2005,13.01,14.34
6/2/2005,12.83,14.42
6/3/2005,12.82,14.43
6/6/2005,12.49,14.33
6/7/2005,12.14,14.34
6/8/2005,12.25,14.35
6/9/2005,12.23,14.18
6/10/2005,12.08,14.37
6/13/2005,11.45,14.11
6/14/2005,11.16,14.07
6/15/2005,13.95,13.95
6/16/2005,13.87,14.89
6/17/2005,13.97,14.99
6/20/2005,14,14.83
6/21/2005,13.88,14.91
6/22/2005,13.88,14.86
6/23/2005,13.96,15.12
6/24/2005,14.26,15.27
6/27/2005,14.12,15.23
6/28/2005,13.87,15.02
6/29/2005,14.05,15.13
6/30/2005,14.08,15.1
7/1/2005,14.06,15.07
7/5/2005,13.84,14.92
7/6/2005,13.96,15
7/7/2005,14.06,15.11
7/8/2005,13.69,14.87
7/11/2005,13.53,14.9
7/12/2005,13.39,14.93
7/13/2005,13.18,14.9
7/14/2005,13.01,14.8
7/15/2005,12.89,14.62
7/18/2005,12.85,14.53
7/19/2005,12.64,14.49
7/20/2005,12.53,14.4
7/21/2005,12.45,14.33
7/22/2005,12.26,14.21
7/25/2005,12.35,14.15
7/26/2005,12.44,14.12
7/27/2005,12.31,14.01
7/28/2005,12.12,13.92
7/29/2005,12.31,14.01
8/1/2005,12.45,14.18
8/2/2005,12.4,14.08
8/3/2005,12.42,14.11
8/4/2005,12.7,14.19
8/5/2005,12.78,14.29
8/8/2005,12.88,14.43
8/9/2005,12.4,14.05
8/10/2005,12.09,14.19
8/11/2005,11.98,14.03
8/12/2005,12.05,14.41
8/15/2005,11.82,14.31
8/16/2005,12.61,14.61
8/17/2005,14.49,14.89
8/18/2005,14.38,14.9
8/19/2005,14.27,14.79
8/22/2005,14.24,14.73
8/23/2005,14.25,14.8
8/24/2005,14.26,14.96
8/25/2005,14.28,15
8/26/2005,14.36,15.1
8/29/2005,14.2,15.07
8/30/2005,14.3,15.17
8/31/2005,14.11,15.08
9/1/2005,14.18,15.05
9/2/2005,14.23,15.3
9/6/2005,14.09,15.02
9/7/2005,13.92,14.89
9/8/2005,13.94,14.83
9/9/2005,13.71,14.75
9/12/2005,13.65,14.7
9/13/2005,13.78,14.71
9/14/2005,13.77,14.8
9/15/2005,13.71,14.77
9/16/2005,13.51,14.65
9/19/2005,13.59,14.71
9/20/2005,13.66,14.71
9/21/2005,13.98,15.04
9/22/2005,14.18,15.01
9/23/2005,13.95,14.91
9/26/2005,13.75,14.84
9/27/2005,13.63,14.74
9/28/2005,13.43,14.51
9/29/2005,13.15,14.23
9/30/2005,12.94,14.04
10/3/2005,12.86,14.02
10/4/2005,13.18,14.03
10/5/2005,13.8,14.33
10/6/2005,14.1,14.84
10/7/2005,14.05,14.83
10/10/2005,14.56,15.18
10/11/2005,14.63,15.09
10/12/2005,14.77,15.28
10/13/2005,15.36,15.28
10/14/2005,14.77,14.76
10/17/2005,14.3,14.78
10/18/2005,14.57,14.83
10/19/2005,14.66,14.66
10/20/2005,15.17,15.474
10/21/2005,15.11,15.414
10/24/2005,14.66,15.14
10/25/2005,14.54,14.92
10/26/2005,14.37,14.7
10/27/2005,14.95,14.94
10/28/2005,14.51,14.85
10/31/2005,14.47,14.53
11/1/2005,14.32,14.58
11/2/2005,13.89,14.18
11/3/2005,13.29,13.65
11/4/2005,13.21,13.56
11/7/2005,13.12,13.5
11/8/2005,13.18,13.56
11/9/2005,12.9,13.35
11/10/2005,12.39,13.1
11/11/2005,11.89,12.7
11/14/2005,11.94,12.87
11/15/2005,11.87,12.8
11/16/2005,12.76,12.76
11/17/2005,12.42,13.648
11/18/2005,12.05,13.278
11/21/2005,12.08,13.45
11/22/2005,12.01,13.19
11/23/2005,11.94,13.13
11/25/2005,11.96,13.11
11/28/2005,12.06,13.31
11/29/2005,12.11,13.21
11/30/2005,12.19,13.22
12/1/2005,12.03,13.11
12/2/2005,11.77,13.04
12/5/2005,11.83,13.02
12/6/2005,11.81,13.02
12/7/2005,12.15,12.94
12/8/2005,12.15,12.92
12/9/2005,12.01,12.86
12/12/2005,11.96,12.9
12/13/2005,11.68,12.92
12/14/2005,11.33,12.81
12/15/2005,11.16,12.78
12/16/2005,11.02,12.93
12/19/2005,11.11,12.88
12/20/2005,11.15,12.76
12/21/2005,12.59,14.33
12/22/2005,12.48,14.18
12/23/2005,12.21,14.11
12/27/2005,12.45,14.2
12/28/2005,12.32,14.11
12/29/2005,12.32,14.1
12/30/2005,12.45,14.09
1/3/2006,12.02,13.88
1/4/2006,11.84,13.84
1/5/2006,11.83,13.73
1/6/2006,11.56,13.53
1/9/2006,11.33,13.29
1/10/2006,11.22,13.04
1/11/2006,11.19,12.84
1/12/2006,11.3,12.99
1/13/2006,11.32,12.95
1/17/2006,11.71,13.09
1/18/2006,13.27,13.27
1/19/2006,13.11,13.562
1/20/2006,13.53,13.982
1/23/2006,13.74,14.28
1/24/2006,13.56,14.02
1/25/2006,13.32,13.82
1/26/2006,12.92,13.68
1/27/2006,12.72,13.35
1/30/2006,12.53,13.21
1/31/2006,12.7,13.19
2/1/2006,12.66,13.14
2/2/2006,12.86,13.23
2/3/2006,12.87,13.17
2/6/2006,12.8,13.23
2/7/2006,13.02,13.29
2/8/2006,12.47,13.05
2/9/2006,12.41,12.89
2/10/2006,12.37,12.85
2/13/2006,12.65,13.07
2/14/2006,11.95,12.93
2/15/2006,12.99,12.99
2/16/2006,12.74,13.58
2/17/2006,12.6,13.44
2/21/2006,12.44,13.67
2/22/2006,12.19,12.99
2/23/2006,12.2,12.94
2/24/2006,12.1,12.76
2/27/2006,11.96,12.71
2/28/2006,12.19,12.8
3/1/2006,12.05,12.75
3/2/2006,12.07,12.78
3/3/2006,12.11,12.76
3/6/2006,12.34,12.85
3/7/2006,12.44,12.94
3/8/2006,12.25,12.85
3/9/2006,12.38,12.9
3/10/2006,12.21,12.81
3/13/2006,11.88,12.77
3/14/2006,11.51,12.66
3/15/2006,11.48,12.66
3/16/2006,11.45,12.45
3/17/2006,11.66,12.47
3/20/2006,11.5,12.56
3/21/2006,11.53,12.62
3/22/2006,12.43,13.05
3/23/2006,12.45,13.03
3/24/2006,12.36,13.02
3/27/2006,12.38,12.98
3/28/2006,12.35,13
3/29/2006,12.06,12.83
3/30/2006,12,12.75
3/31/2006,12.12,12.81
4/3/2006,12.09,12.76
4/4/2006,12,12.72
4/5/2006,11.9,12.56
4/6/2006,11.92,12.38
4/7/2006,12.07,12.64
4/10/2006,12.3,12.72
4/11/2006,12.61,12.87
4/12/2006,12.63,12.98
4/13/2006,12.57,12.95
4/17/2006,12.61,12.99
4/18/2006,11.48,12.62
4/19/2006,12.61,12.61
4/20/2006,12.44,12.69
4/21/2006,12.64,12.89
4/24/2006,12.59,12.91
4/25/2006,12.59,12.79
4/26/2006,12.42,12.66
4/27/2006,12.35,12.56
4/28/2006,12.23,12.55
5/1/2006,12.53,12.65
5/2/2006,12.31,12.52
5/3/2006,12.41,12.67
5/4/2006,12.26,12.7
5/5/2006,12.1,12.55
5/8/2006,12.08,12.6
5/9/2006,11.96,12.53
5/10/2006,11.98,12.46
5/11/2006,12.36,12.78
5/12/2006,13.12,13.35
5/15/2006,13.17,13.27
5/16/2006,12.98,13.11
5/17/2006,14.42,14.42
5/18/2006,14.63,14.46
5/19/2006,14.86,14.67
5/22/2006,15.84,15.12
5/23/2006,15.71,14.91
5/24/2006,16.19,15.24
5/25/2006,15.4,15.05
5/26/2006,14.9,14.82
5/30/2006,16.34,16.04
5/31/2006,15.9,15.88
6/1/2006,15.13,15.35
6/2/2006,14.73,14.98
6/5/2006,15.87,15.59
6/6/2006,16.32,15.88
6/7/2006,16.67,16.35
6/8/2006,17.13,16.91
6/9/2006,17.43,17.02
6/12/2006,18.21,17.57
6/13/2006,20.78,18.69
6/14/2006,21.62,18.94
6/15/2006,16.1,16.24
6/16/2006,16.65,16.73
6/19/2006,16.99,16.88
6/20/2006,16.94,16.62
6/21/2006,15.67,15.99
6/22/2006,15.76,15.98
6/23/2006,15.69,15.75
6/26/2006,15.56,15.59
6/27/2006,15.93,16.04
6/28/2006,15.96,15.99
6/29/2006,14.34,15.21
6/30/2006,14.02,14.87
7/3/2006,13.72,14.63
7/5/2006,14.4,15.02
7/6/2006,14.16,15.24
7/7/2006,14.36,15.39
7/10/2006,14.32,15.43
7/11/2006,13.9,15.22
7/12/2006,14.44,15.58
7/13/2006,16.36,16.69
7/14/2006,17.27,17.13
7/17/2006,17.35,16.96
7/18/2006,17.86,16.7
7/19/2006,15.81,15.81
7/20/2006,16.33,16.08
7/21/2006,16.71,16.34
7/24/2006,15.41,15.8
7/25/2006,14.99,15.34
7/26/2006,14.87,15.28
7/27/2006,15.13,15.52
7/28/2006,14.61,15.16
7/31/2006,14.71,15.36
8/1/2006,15.06,15.74
8/2/2006,14.73,15.46
8/3/2006,14.6,15.31
8/4/2006,14.84,15.52
8/7/2006,15.03,15.61
8/8/2006,14.98,15.56
8/9/2006,14.96,15.35
8/10/2006,14.77,15.52
8/11/2006,14.73,15.61
8/14/2006,13.95,15.04
8/15/2006,13.23,14.93
8/16/2006,14.19,14.19
8/17/2006,14.08,15.7
8/18/2006,13.85,15.83
8/21/2006,13.69,15.46
8/22/2006,13.6,15.17
8/23/2006,13.93,15.18
8/24/2006,13.86,14.83
8/25/2006,13.54,14.61
8/28/2006,13.31,14.47
8/29/2006,13.56,14.49
8/30/2006,13.46,14.41
8/31/2006,13.23,14.22
9/1/2006,12.95,13.94
9/5/2006,12.99,14.06
9/6/2006,13.69,14.53
9/7/2006,13.83,14.7
9/8/2006,13.68,14.63
9/11/2006,13.6,14.74
9/12/2006,12.57,14.07
9/13/2006,12.22,13.86
9/14/2006,12.3,14.08
9/15/2006,12.09,14.05
9/18/2006,11.88,13.92
9/19/2006,11.82,13.86
9/20/2006,13.59,14.66
9/21/2006,13.96,14.99
9/22/2006,13.99,15.15
9/25/2006,13.5,14.81
9/26/2006,13.22,14.49
9/27/2006,13.21,14.69
9/28/2006,13.18,14.63
9/29/2006,13.1,14.63
10/2/2006,13.37,14.83
10/3/2006,13.49,14.7
10/4/2006,12.72,14.05
10/5/2006,12.58,13.95
10/6/2006,12.48,13.98
10/9/2006,12.23,13.73
10/10/2006,11.72,13.44
10/11/2006,11.62,13.24
10/12/2006,11.36,12.95
10/13/2006,11.18,12.78
10/16/2006,10.62,12.51
10/17/2006,11.23,12.65
10/18/2006,12.59,13.59
10/19/2006,12.52,13.48
10/20/2006,12.28,13.29
10/23/2006,11.95,13.16
10/24/2006,11.78,12.83
10/25/2006,11.49,12.52
10/26/2006,11.25,12.21
10/27/2006,11.31,12.26
10/30/2006,11.35,12.3
10/31/2006,11.31,12.16
11/1/2006,11.55,12.43
11/2/2006,11.65,12.49
11/3/2006,11.5,12.45
11/6/2006,11.12,12.02
11/7/2006,11.18,12.05
11/8/2006,10.92,11.85
11/9/2006,10.99,11.87
11/10/2006,10.99,11.98
11/13/2006,10.59,11.97
11/14/2006,10.25,11.72
11/15/2006,11.62,12.35
11/16/2006,11.58,12.29
11/17/2006,11.67,12.32
11/20/2006,11.43,12.36
11/21/2006,11.5,12.48
11/22/2006,11.61,12.59
11/24/2006,11.71,12.84
11/27/2006,12.46,13.39
11/28/2006,12,12.96
11/29/2006,11.46,12.58
11/30/2006,11.37,12.52
12/1/2006,11.65,12.74
12/4/2006,11.49,12.5
12/5/2006,11.52,12.55
12/6/2006,11.55,12.69
12/7/2006,12,12.77
12/8/2006,11.98,12.81
12/11/2006,11.43,12.6
12/12/2006,11.18,12.51
12/13/2006,10.54,12.43
12/14/2006,10.37,12.53
12/15/2006,10.44,12.71
12/18/2006,10.56,12.74
12/19/2006,10.57,12.39
12/20/2006,12.35,13.39
12/21/2006,12.44,13.5
12/22/2006,12.62,13.68
12/26/2006,12.27,13.4
12/27/2006,11.95,13.08
12/28/2006,12.09,13.12
12/29/2006,12.3,13.11
1/3/2007,12.3,13.11
1/4/2007,12.11,13.16
1/5/2007,12.38,13.48
1/8/2007,12.25,13.33
1/9/2007,12.34,13.21
1/10/2007,11.9,13.16
1/11/2007,10.98,12.28
1/12/2007,10.66,12.08
1/16/2007,10.59,11.9
1/17/2007,11.91,12.9
1/18/2007,12.06,12.9
1/19/2007,11.69,12.78
1/22/2007,11.85,12.88
1/23/2007,11.47,12.58
1/24/2007,11.32,12.51
1/25/2007,11.83,12.78
1/26/2007,11.88,12.78
1/29/2007,11.81,12.81
1/30/2007,11.6,12.64
1/31/2007,11.51,12.35
2/1/2007,11.28,12.27
2/2/2007,11.2,12.24
2/5/2007,11.16,12.28
2/6/2007,11.16,12.03
2/7/2007,10.95,11.89
2/8/2007,11.01,11.97
2/9/2007,11.23,12.2
2/12/2007,11.36,12.42
2/13/2007,10.43,11.99
2/14/2007,11.63,12.8
2/15/2007,11.55,12.61
2/16/2007,11.56,12.58
2/20/2007,11.37,12.31
2/21/2007,11.24,12.26
2/22/2007,11.15,12.21
2/23/2007,11.59,12.59
2/26/2007,11.44,12.54
2/27/2007,14.81,14.49
2/28/2007,13.5,13.55
3/1/2007,14.16,14.04
3/2/2007,15.19,14.59
3/5/2007,16.15,15.01
3/6/2007,15.03,14.12
3/7/2007,14.37,14.17
3/8/2007,13.75,13.71
3/9/2007,13.6,13.76
3/12/2007,13.14,13.62
3/13/2007,15.34,14.59
3/14/2007,15.81,15.15
3/15/2007,15.4,15.33
3/16/2007,15.99,15.79
3/19/2007,14.32,14.89
3/20/2007,13.06,14.38
3/21/2007,13.28,13.6
3/22/2007,13.36,13.72
3/23/2007,13.33,13.87
3/26/2007,13.38,13.79
3/27/2007,13.93,13.99
3/28/2007,14.72,14.59
3/29/2007,14.6,14.55
3/30/2007,14.49,14.39
4/2/2007,14.7,14.77
4/3/2007,14,14.28
4/4/2007,13.65,14.2
4/5/2007,13.53,14
4/9/2007,13.3,14.03
4/10/2007,12.71,13.59
4/11/2007,13.28,13.99
4/12/2007,12.87,13.73
4/13/2007,12.39,13.57
4/16/2007,11.67,12.97
4/17/2007,11.87,13.14
4/18/2007,13.13,13.37
4/19/2007,13.02,13.53
4/20/2007,13.03,13.48
4/23/2007,13.22,13.73
4/24/2007,13.21,13.73
4/25/2007,13.1,13.51
4/26/2007,13.11,13.63
4/27/2007,13.02,13.54
4/30/2007,13.41,13.86
5/1/2007,13.43,13.85
5/2/2007,13.16,13.72
5/3/2007,13.08,13.61
5/4/2007,13.14,13.63
5/7/2007,13.22,13.72
5/8/2007,13.33,13.87
5/9/2007,12.94,13.78
5/10/2007,13.35,14.2
5/11/2007,12.77,13.94
5/14/2007,13.34,14.15
5/15/2007,13.96,14.2
5/16/2007,14.06,14.5
5/17/2007,14.16,14.63
5/18/2007,13.99,14.45
5/21/2007,13.78,14.27
5/22/2007,13.81,14.35
5/23/2007,13.75,14.34
5/24/2007,14.2,14.71
5/25/2007,13.96,14.64
5/29/2007,13.83,14.43
5/30/2007,13.56,14.34
5/31/2007,13.57,14.26
6/1/2007,13.41,14.29
6/4/2007,13.57,14.34
6/5/2007,13.71,14.39
6/6/2007,14.33,14.76
6/7/2007,15.82,15.32
6/8/2007,15.08,15.14
6/11/2007,14.69,14.87
6/12/2007,15.5,15.27
6/13/2007,14.78,14.97
6/14/2007,13.86,14.65
6/15/2007,13.64,14.43
6/18/2007,13.41,14.48
6/19/2007,12.88,14.18
6/20/2007,15.03,15.13
6/21/2007,15.07,15.38
6/22/2007,15.77,15.81
6/25/2007,15.99,16.05
6/26/2007,16.64,16.53
6/27/2007,15.61,15.7
6/28/2007,15.55,15.84
6/29/2007,16.19,16.16
7/2/2007,15.72,15.9
7/3/2007,15.44,15.73
7/5/2007,15.63,16.03
7/6/2007,15.3,15.73
7/9/2007,15.41,15.73
7/10/2007,16.67,16.72
7/11/2007,16.24,16.65
7/12/2007,15.47,16.42
7/13/2007,15.45,16.5
7/16/2007,15.67,16.7
7/17/2007,15.57,16.84
7/18/2007,17.37,17.42
7/19/2007,17.18,17.36
7/20/2007,17.72,17.76
7/23/2007,17.55,17.63
7/24/2007,18.18,18.14
7/25/2007,18.07,18.18
7/26/2007,19.37,19.4
7/27/2007,20.07,19.71
7/30/2007,19.44,19.35
7/31/2007,20.52,20.77
8/1/2007,21.8,21.45
8/2/2007,20.81,20.65
8/3/2007,22.61,22.29
8/6/2007,22.08,21.84
8/7/2007,20.71,20.27
8/8/2007,20.16,20.25
8/9/2007,23.26,22.95
8/10/2007,27.18,23.63
8/13/2007,26.1,23.2
8/14/2007,26.94,24.3
8/15/2007,28.81,25.18
8/16/2007,30.61,27.25
8/17/2007,30.07,26.47
8/20/2007,26.34,24.45
8/21/2007,25.24,23.85
8/22/2007,22.7,21.73
8/23/2007,23.1,22.07
8/24/2007,22.23,21.29
8/27/2007,23.28,22.29
8/28/2007,25.21,24.16
8/29/2007,24.16,23.32
8/30/2007,24.45,23.41
8/31/2007,23.7,22.7
9/4/2007,22.78,21.87
9/5/2007,24.16,23.06
9/6/2007,23.98,22.89
9/7/2007,25.83,24.1
9/10/2007,26.72,24.67
9/11/2007,25.01,23.62
9/12/2007,24.94,23.88
9/13/2007,24.85,23.76
9/14/2007,24.8,23.78
9/17/2007,25.37,24.34
9/18/2007,20.18,21.39
9/19/2007,20.57,20.23
9/20/2007,20.82,20.75
9/21/2007,19.87,19.98
9/24/2007,19.71,19.91
9/25/2007,19.88,20.11
9/26/2007,19.03,19.56
9/27/2007,18.72,19.39
9/28/2007,18.92,19.79
10/1/2007,18.43,19.34
10/2/2007,18.92,19.69
10/3/2007,19.1,19.99
10/4/2007,19.26,20.15
10/5/2007,17.93,19.27
10/8/2007,18.2,19.51
10/9/2007,17.06,18.64
10/10/2007,17.31,18.62
10/11/2007,18.53,19.8
10/12/2007,17.95,19.45
10/15/2007,19.17,20.41
10/16/2007,20.03,21.33
10/17/2007,21.07,20.95
10/18/2007,21.09,20.92
10/19/2007,22.54,22.3
10/22/2007,22.27,21.74
10/23/2007,21.56,21.23
10/24/2007,22.01,21.57
10/25/2007,21.71,21.68
10/26/2007,20.73,21.04
10/29/2007,20.27,20.91
10/30/2007,20.96,21.64
10/31/2007,19.06,20.3
11/1/2007,22.33,22.46
11/2/2007,22.98,23.07
11/5/2007,23.94,23.91
11/6/2007,22.45,22.92
11/7/2007,25.22,25.23
11/8/2007,25.24,25.05
11/9/2007,26.96,26.36
11/12/2007,27.64,26.64
11/13/2007,24.65,24.82
11/14/2007,25.3,25.15
11/15/2007,27.42,26.7
11/16/2007,26.04,26.45
11/19/2007,25.61,26.92
11/20/2007,25.08,26.18
11/21/2007,26.81,26.74
11/23/2007,25.86,25.98
11/26/2007,27.32,26.97
11/27/2007,26.65,26.53
11/28/2007,24.56,24.66
11/29/2007,24.86,24.77
11/30/2007,24.19,24.37
12/3/2007,24.29,24.56
12/4/2007,24.48,24.83
12/5/2007,23.06,23.95
12/6/2007,21.67,22.94
12/7/2007,21.97,23.27
12/10/2007,21.28,22.92
12/11/2007,22.92,23.91
12/12/2007,22.19,23.76
12/13/2007,22.04,23.95
12/14/2007,22.64,24.66
12/17/2007,23.75,25.45
12/18/2007,22.55,24.57
12/19/2007,24.42,24.38
12/20/2007,24.17,24.1
12/21/2007,23.1,23.29
12/24/2007,22.18,22.95
12/26/2007,22.02,22.79
12/27/2007,22.72,23.52
12/28/2007,22.81,23.72
12/31/2007,23.12,24.19
1/2/2008,23.86,24.49
1/3/2008,23.42,24.52
1/4/2008,24.68,25.3
1/7/2008,24.12,24.81
1/8/2008,25.54,25.9
1/9/2008,24.89,25.78
1/10/2008,24.07,24.95
1/11/2008,24.96,26.15
1/14/2008,23.36,25.1
1/15/2008,24.04,25.24
1/16/2008,24.99,25.03
1/17/2008,26.97,26.62
1/18/2008,27.24,26.71
1/22/2008,27.73,26.38
1/23/2008,26.4,25.3
1/24/2008,26.43,25.34
1/25/2008,26.75,25.8
1/28/2008,26.16,25.37
1/29/2008,26.25,25.25
1/30/2008,26.14,25.56
1/31/2008,25.64,25.31
2/1/2008,24.95,24.66
2/4/2008,25.81,25.56
2/5/2008,27.39,26.92
2/6/2008,28.19,27.6
2/7/2008,27.62,27.25
2/8/2008,28.39,27.63
2/11/2008,27.88,26.97
2/12/2008,27.06,26.72
2/13/2008,26,25.81
2/14/2008,26.28,26.18
2/15/2008,26.07,25.93
2/19/2008,25.61,25.7
2/20/2008,25.45,25.41
2/21/2008,25.42,25.45
2/22/2008,24.87,24.83
2/25/2008,24.17,24.34
2/26/2008,23.71,24.18
2/27/2008,23.88,24.45
2/28/2008,24.58,25.1
2/29/2008,26.1,26.36
3/3/2008,26.16,26.25
3/4/2008,25.72,25.79
3/5/2008,24.83,25.38
3/6/2008,26.76,26.99
3/7/2008,26.91,26.87
3/10/2008,27.75,27.6
3/11/2008,26.11,26.09
3/12/2008,26.68,26.92
3/13/2008,26.75,27.02
3/14/2008,29.03,28.52
3/17/2008,30.57,28.54
3/18/2008,25.95,26.2
3/19/2008,27.41,26.53
3/20/2008,27,26.08
3/24/2008,26.35,25.71
3/25/2008,26.32,25.87
3/26/2008,26.95,26.32
3/27/2008,26.64,26.46
3/28/2008,26.6,26.59
3/31/2008,26.01,26.3
4/1/2008,24,24.85
4/2/2008,24.64,25.03
4/3/2008,24.27,24.94
4/4/2008,23.96,24.95
4/7/2008,23.01,24.26
4/8/2008,23.02,24.07
4/9/2008,23.63,24.66
4/10/2008,22.85,24.33
4/11/2008,23.91,24.98
4/14/2008,23.84,24.88
4/15/2008,22.87,24.41
4/16/2008,22.96,23.23
4/17/2008,23.03,23.55
4/18/2008,22.2,22.84
4/21/2008,21.92,22.43
4/22/2008,22.1,22.62
4/23/2008,21.86,22.41
4/24/2008,21.23,22.05
4/25/2008,20.69,21.52
4/28/2008,20.54,21.33
4/29/2008,20.81,21.59
4/30/2008,21.24,22.14
5/1/2008,19.86,20.95
5/2/2008,19.66,20.63
5/5/2008,19.69,20.99
5/6/2008,18.82,20.26
5/7/2008,19.7,21.21
5/8/2008,19.67,21.25
5/9/2008,19.84,21.45
5/12/2008,18.94,20.82
5/13/2008,18.7,20.78
5/14/2008,18.3,20.32
5/15/2008,17.43,19.88
5/16/2008,17.15,20.14
5/19/2008,16.64,19.76
5/20/2008,17.37,20.82
5/21/2008,22.14,23.58
5/22/2008,21.72,23.56
5/23/2008,22.23,24.04
5/27/2008,21.49,23.7
5/28/2008,21.33,23.25
5/29/2008,19.97,22.07
5/30/2008,19.38,21.77
6/2/2008,20.64,22.8
6/3/2008,21.07,23.18
6/4/2008,21.3,23.09
6/5/2008,19.91,22.13
6/6/2008,22.98,23.94
6/9/2008,22.7,23.43
6/10/2008,22.72,23.47
6/11/2008,23.75,24.05
6/12/2008,22.85,23.88
6/13/2008,21.62,23
6/16/2008,20.86,22.74
6/17/2008,21.05,22.68
6/18/2008,23.35,23.37
6/19/2008,22.93,23.17
6/20/2008,23.51,23.43
6/23/2008,23.51,23.49
6/24/2008,23.63,23.7
6/25/2008,22.61,22.75
6/26/2008,24.72,24.25
6/27/2008,24.55,24.18
6/30/2008,24.19,23.93
7/1/2008,24.19,23.8
7/2/2008,25.53,24.95
7/3/2008,25.39,24.69
7/7/2008,25.85,24.78
7/8/2008,23.96,23.54
7/9/2008,25.47,24.69
7/10/2008,25.61,24.86
7/11/2008,27.15,25.25
7/14/2008,28.03,25.89
7/15/2008,28.43,26.12
7/16/2008,24.72,24.48
7/17/2008,24.25,23.99
7/18/2008,24.05,23.8
7/21/2008,23.4,23.44
7/22/2008,22.47,22.74
7/23/2008,22.43,22.78
7/24/2008,23.55,23.72
7/25/2008,23.45,23.63
7/28/2008,24.25,24.24
7/29/2008,22.68,22.99
7/30/2008,21.57,22.1
7/31/2008,22.77,22.94
8/1/2008,22.95,23.04
8/4/2008,22.78,23.01
8/5/2008,21.44,22.12
8/6/2008,20.7,21.58
8/7/2008,21.51,22.52
8/8/2008,20.91,21.87
8/11/2008,20.29,21.68
8/12/2008,21.28,22.46
8/13/2008,21.5,22.93
8/14/2008,20.8,22.15
8/15/2008,20.18,21.92
8/18/2008,20.66,22.21
8/19/2008,21,22.93
8/20/2008,22.45,23.16
8/21/2008,22.19,23.25
8/22/2008,21.59,22.92
8/25/2008,22.64,23.45
8/26/2008,22.4,23.24
8/27/2008,21.8,22.94
8/28/2008,21.12,22.68
8/29/2008,21.7,22.99
9/2/2008,22.08,23.19
9/3/2008,21.64,23.1
9/4/2008,23.78,24.31
9/5/2008,23.08,23.98
9/8/2008,21.99,23.39
9/9/2008,24.22,24.71
9/10/2008,23.59,24.31
9/11/2008,23.83,24.49
9/12/2008,24.68,24.57
9/15/2008,28.84,25.73
9/16/2008,29.68,25.17
9/17/2008,26.61,25.93
9/18/2008,25.31,25.01
9/19/2008,24.74,24.38
9/22/2008,26.56,25.41
9/23/2008,29.02,26.85
9/24/2008,28.65,26.68
9/25/2008,27.74,25.99
9/26/2008,28.64,26.25
9/29/2008,32.69,29.84
9/30/2008,30.66,28.22
10/1/2008,31.87,28.85
10/2/2008,34.1,30.64
10/3/2008,35.67,31.2
10/6/2008,37.37,31.94
10/7/2008,41.83,34.32
10/8/2008,45.56,35.39
10/9/2008,52.3,37.68
10/10/2008,56.71,38.31
10/13/2008,50.64,36.07
10/14/2008,49.05,37.94
10/15/2008,58.18,42.7
10/16/2008,63.88,42.78
10/17/2008,63.25,47.04
10/20/2008,52.31,45.05
10/21/2008,52.8,43.8
10/22/2008,48.33,39.71
10/23/2008,50.02,40.14
10/24/2008,55.82,43.56
10/27/2008,59.29,44.88
10/28/2008,53.7,42.77
10/29/2008,56.41,44.16
10/30/2008,55.37,44.2
10/31/2008,54.57,44.93
11/3/2008,51.96,44.71
11/4/2008,46.43,41.86
11/5/2008,50.2,43.85
11/6/2008,57.58,47.8
11/7/2008,54.65,47.48
11/10/2008,56.19,48.2
11/11/2008,58.38,49.38
11/12/2008,63.71,52.92
11/13/2008,56.87,50.03
11/14/2008,62.9,53.51
11/17/2008,67.95,56.25
11/18/2008,67.04,57.29
11/19/2008,62.9,56.87
11/20/2008,66.23,59.77
11/21/2008,62.78,56.9
11/24/2008,58.64,54.15
11/25/2008,57.18,52.61
11/26/2008,53.18,50.85
11/28/2008,53.21,50.6
12/1/2008,60.45,56.29
12/2/2008,57.93,55.3
12/3/2008,57.73,55.21
12/4/2008,60.49,57.62
12/5/2008,58.32,56.75
12/8/2008,55.26,54.67
12/9/2008,56.4,55.38
12/10/2008,55.26,54.44
12/11/2008,55.06,55.32
12/12/2008,54.58,54.46
12/15/2008,55.7,54.84
12/16/2008,52.44,52.25
12/17/2008,52.07,49.94
12/18/2008,50.31,48.93
12/19/2008,47.35,46.53
12/22/2008,45.51,45.63
12/23/2008,46.15,46.54
12/24/2008,45.73,45.96
12/26/2008,45.15,45.65
12/29/2008,46.34,46.76
12/30/2008,44.18,45.08
12/31/2008,41.94,42.93
1/2/2009,38.7,39.91
1/5/2009,39.96,40.16
1/6/2009,39.53,39.55
1/7/2009,43.52,42.5
1/8/2009,42.97,42.72
1/9/2009,44.55,44.15
1/12/2009,48.04,47.74
1/13/2009,46.67,46.81
1/14/2009,51.79,50.56
1/15/2009,53.26,49.93
1/16/2009,49.65,48.53
1/20/2009,57.9,54.66
1/21/2009,51.13,47.36
1/22/2009,50.54,47.37
1/23/2009,50.16,47.2
1/26/2009,47.55,45.63
1/27/2009,45.16,43.51
1/28/2009,42.31,40.75
1/29/2009,43.38,40.88
1/30/2009,44.99,42.18
2/2/2009,45.35,42.3
2/3/2009,43.15,40.95
2/4/2009,43.75,41.1
2/5/2009,43.25,40.5
2/6/2009,42.6,40.1
2/9/2009,42.5,40.5
2/10/2009,45.6,42.9
2/11/2009,44.6,42.2
2/12/2009,42.55,41.6
2/13/2009,43.6,42.35
2/17/2009,48,44.05
2/18/2009,44.85,42.65
2/19/2009,44.55,43.2
2/20/2009,46.7,44.75
2/23/2009,49.05,46.9
2/24/2009,44.5,43.9
2/25/2009,43.45,43.25
2/26/2009,44,43.75
2/27/2009,44.45,43.9
3/2/2009,47.85,46.05
3/3/2009,48.45,46.35
3/4/2009,44.75,42.9
3/5/2009,47.35,44.45
3/6/2009,46.65,44.15
3/9/2009,47.05,44.9
3/10/2009,43.15,41.6
3/11/2009,42.65,41.6
3/12/2009,41.1,41.1
3/13/2009,42.1,41.6
3/16/2009,43,43.1
3/17/2009,40.05,41.3
3/18/2009,40.95,39.15
3/19/2009,43.7,41.55
3/20/2009,47.05,44.45
3/23/2009,43.35,41.75
3/24/2009,44,42.25
3/25/2009,42.75,41.45
3/26/2009,41.45,40.45
3/27/2009,42.95,41.6
3/30/2009,46.35,44.05
3/31/2009,45.05,43.95
4/1/2009,43.65,43.25
4/2/2009,42.95,42.5
4/3/2009,41.7,41.8
4/6/2009,41.95,42.15
4/7/2009,41.65,42.45
4/8/2009,40.6,41.55
4/9/2009,38.3,39.9
4/13/2009,37.05,39.7
4/14/2009,37.85,39.6
4/15/2009,38.8,38.8
4/16/2009,37.35,37.5
4/17/2009,36.6,36.65
4/20/2009,39.5,38.95
4/21/2009,37.9,37.65
4/22/2009,38.45,38.05
4/23/2009,37.8,37.4
4/24/2009,37.8,37.65
4/27/2009,38.75,38.45
4/28/2009,38.2,38.15
4/29/2009,36.45,36.7
4/30/2009,36.95,37
5/1/2009,36.35,36.55
5/4/2009,34.8,34.75
5/5/2009,34.6,34.8
5/6/2009,33.05,33.8
5/7/2009,33.7,34.15
5/8/2009,32.2,32.8
5/11/2009,32.45,33
5/12/2009,31.95,32.85
5/13/2009,33.4,33.85
5/14/2009,31.6,32.5
5/15/2009,33.15,33.2
5/18/2009,29.85,30.85
5/19/2009,28.5,30.4
5/20/2009,30.5,31.4
5/21/2009,32.2,32.85
5/22/2009,32.75,33.05
5/26/2009,31.15,32
5/27/2009,32.1,32.9
5/28/2009,31.55,32.4
5/29/2009,30.35,31.5
6/1/2009,29.6,30.75
6/2/2009,29.6,31
6/3/2009,31.15,32.65
6/4/2009,30.8,32.25
6/5/2009,30.55,32.2
6/8/2009,30.25,32
6/9/2009,29.1,30.95
6/10/2009,29.1,31.2
6/11/2009,28.1,30.6
6/12/2009,28.35,29.95
6/15/2009,30.2,31.35
6/16/2009,31.85,32.4
6/17/2009,32.65,32.1
6/18/2009,32.4,31.85
6/19/2009,31.35,31.55
6/22/2009,32.75,32.55
6/23/2009,32.05,32.15
6/24/2009,30.6,31.35
6/25/2009,29.1,30.25
6/26/2009,28.55,29.85
6/29/2009,27.45,28.95
6/30/2009,28.05,29.25
7/1/2009,27.65,29.2
7/2/2009,29.3,30.65
7/6/2009,29,30.4
7/7/2009,30.25,31.45
7/8/2009,30.8,31.8
7/9/2009,29.75,31.75
7/10/2009,29.8,31.95
7/13/2009,27.55,30.8
7/14/2009,27,30.25
7/15/2009,26.45,29.25
7/16/2009,25.9,28.95
7/17/2009,25.6,29
7/20/2009,24.55,28.4
7/21/2009,24.05,27.85
7/22/2009,27.2,29.2
7/23/2009,26.25,28.45
7/24/2009,26,28.55
7/27/2009,26.35,28.95
7/28/2009,27.3,29.85
7/29/2009,27.65,30.05
7/30/2009,27.05,29.3
7/31/2009,27.25,29.7
8/3/2009,26.45,29.1
8/4/2009,26.3,28.85
8/5/2009,26.05,28.85
8/6/2009,26.6,28.95
8/7/2009,25.65,28.05
8/10/2009,25.6,28.1
8/11/2009,26.2,28.6
8/12/2009,25.55,28.35
8/13/2009,25.05,27.8
8/14/2009,25.2,28.3
8/17/2009,27.6,29.9
8/18/2009,26.35,29.25
8/19/2009,28.35,30.55
8/20/2009,27.8,30.1
8/21/2009,27.35,30
8/24/2009,27.4,29.9
8/25/2009,27.75,30.05
8/26/2009,28.3,30.4
8/27/2009,27.8,30.25
8/28/2009,28.1,30.5
8/31/2009,28.5,30.95
9/1/2009,30.05,32.25
9/2/2009,30.5,32.65
9/3/2009,28.95,31.25
9/4/2009,27.6,30.45
9/8/2009,26.7,29.45
9/9/2009,25.95,28.6
9/10/2009,24.45,27.35
9/11/2009,24.75,27.7
9/14/2009,23.85,27.05
9/15/2009,23.5,27.15
9/16/2009,25.95,27.65
9/17/2009,26.1,27.75
9/18/2009,26.75,28.35
9/21/2009,26.7,28.4
9/22/2009,26.1,28.05
9/23/2009,26.35,28.15
9/24/2009,26.9,28.5
9/25/2009,27,28.55
9/28/2009,25.85,27.95
9/29/2009,25.9,27.85
9/30/2009,26.3,27.95
10/1/2009,27.8,28.75
10/2/2009,27.85,28.8
10/5/2009,26.8,27.95
10/6/2009,26,27.45
10/7/2009,25.4,27.35
10/8/2009,25.05,27.05
10/9/2009,24.55,26.5
10/12/2009,24.05,25.75
10/13/2009,23.55,25.6
10/14/2009,23.25,25.4
10/15/2009,22.35,24.9
10/16/2009,22.35,25.3
10/19/2009,21.4,24.65
10/20/2009,21.1,24.55
10/21/2009,24.55,25.65
10/22/2009,23.65,25.1
10/23/2009,24.05,25.45
10/26/2009,24.55,25.95
10/27/2009,24.65,25.85
10/28/2009,26.65,26.9
10/29/2009,25.05,25.8
10/30/2009,27.85,27.7
11/2/2009,28,28.1
11/3/2009,28.1,28.3
11/4/2009,27.6,28.05
11/5/2009,25.9,27.25
11/6/2009,25.1,26.4
11/9/2009,23.5,24.9
11/10/2009,23.5,25.1
11/11/2009,23.65,25.15
11/12/2009,24.8,26.25
11/13/2009,24.25,25.85
11/16/2009,23.4,25.45
11/17/2009,22.55,25.35
11/18/2009,24.4,26.85
11/19/2009,24.7,27.25
11/20/2009,24.2,27
11/23/2009,22.85,26.4
11/24/2009,22.7,26.05
11/25/2009,22.35,25.8
11/27/2009,24.05,27.15
11/30/2009,24.1,27.15
12/1/2009,23.05,26.3
12/2/2009,22.65,26.2
12/3/2009,23.25,26.65
12/4/2009,22.6,26.15
12/7/2009,22.5,26.05
12/8/2009,23.5,26.55
12/9/2009,23.05,26.45
12/10/2009,22.5,26.1
12/11/2009,22.1,26
12/14/2009,21.1,25.55
12/15/2009,21.35,25.25
12/16/2009,24.1,26.5
12/17/2009,24.45,26.75
12/18/2009,24.1,26.4
12/21/2009,23.25,25.65
12/22/2009,22.65,25.1
12/23/2009,22.45,24.9
12/24/2009,22.1,24.75
12/28/2009,21.85,24.65
12/29/2009,22,24.75
12/30/2009,22.4,25.05
12/31/2009,22.95,25.8
1/4/2010,22.1,24.85
1/5/2010,21.55,24.45
1/6/2010,20.8,23.55
1/7/2010,20.45,23.15
1/8/2010,19.9,22.55
1/11/2010,19.5,22.25
1/12/2010,20.25,22.8
1/13/2010,19.4,22.5
1/14/2010,18.95,22
1/15/2010,19.65,22.55
1/19/2010,17.85,21.55
1/20/2010,21.4,22.85
1/21/2010,22.65,24.1
1/22/2010,24.75,25.15
1/25/2010,24.35,24.95
1/26/2010,24.55,25.3
1/27/2010,23.75,24.7
1/28/2010,24,24.9
1/29/2010,24.65,25.35
2/1/2010,23.05,24.25
2/2/2010,22.1,23.45
2/3/2010,22.15,23.55
2/4/2010,25.6,25.65
2/5/2010,26.1,25.85
2/8/2010,26.4,26.2
2/9/2010,25.55,25.65
2/10/2010,25.5,25.55
2/11/2010,24.45,24.95
2/12/2010,24.45,24.9
2/16/2010,22.6,23.6
2/17/2010,22.75,24.7
2/18/2010,21.8,24.1
2/19/2010,21.35,23.7
2/22/2010,20.95,23.25
2/23/2010,21.65,23.9
2/24/2010,21.1,23.65
2/25/2010,20.95,23.75
2/26/2010,20.4,23.5
3/1/2010,20,23.05
3/2/2010,19.8,22.8
3/3/2010,19.6,22.6
3/4/2010,19.6,22.5
3/5/2010,18.55,21.6
3/8/2010,18.35,21.25
3/9/2010,18.5,21.25
3/10/2010,18.6,21.4
3/11/2010,18.6,21.6
3/12/2010,18.35,21.45
3/15/2010,18.1,21.5
3/16/2010,17.45,20.9
3/17/2010,20.1,21.75
3/18/2010,19.8,21.45
3/19/2010,20.2,21.7
3/22/2010,19.9,21.65
3/23/2010,19.45,21.35
3/24/2010,19.9,21.65
3/25/2010,20.1,21.95
3/26/2010,19.9,21.7
3/29/2010,19.5,21.25
3/30/2010,19.1,21
3/31/2010,18.95,21
4/1/2010,18.8,21.05
4/5/2010,18,20.35
4/6/2010,17.45,19.85
4/7/2010,17.9,20.1
4/8/2010,17.45,19.85
4/9/2010,17.2,19.65
4/12/2010,17.1,19.65
4/13/2010,17.15,19.75
4/14/2010,16.7,19.3
4/15/2010,16.7,19.3
4/16/2010,18.2,19.95
4/19/2010,17.4,19.5
4/20/2010,16,18.6
4/21/2010,18.7,20.75
4/22/2010,18.65,20.75
4/23/2010,18.5,20.75
4/26/2010,18.75,20.95
4/27/2010,21.05,22.4
4/28/2010,20.8,22.2
4/29/2010,19.65,21.65
4/30/2010,21.6,23
5/3/2010,20.55,22.6
5/4/2010,23,24.45
5/5/2010,24.15,25.45
5/6/2010,29.2,29.1
5/7/2010,32.95,30.95
5/10/2010,27.45,27.05
5/11/2010,27.1,27.05
5/12/2010,25.05,25.8
5/13/2010,25.85,26.4
5/14/2010,30.1,28.75
5/17/2010,30.3,29
5/18/2010,32.7,30.95
5/19/2010,31.65,32.05
5/20/2010,35.95,35.7
5/21/2010,35.75,35.7
5/24/2010,35.1,35.1
5/25/2010,33.75,34.1
5/26/2010,32.8,33.3
5/27/2010,29.65,30.95
5/28/2010,30.4,31.3
6/1/2010,32.55,32.65
6/2/2010,29.85,31
6/3/2010,29.6,30.7
6/4/2010,33.55,32.8
6/7/2010,35.45,34.1
6/8/2010,33.45,32.95
6/9/2010,33.4,33.35
6/10/2010,30.65,31.55
6/11/2010,29.3,30.9
6/14/2010,28.55,30.3
6/15/2010,25.85,28.55
6/16/2010,27.8,28.95
6/17/2010,27.3,28.6
6/18/2010,26.85,28
6/21/2010,27.1,28.15
6/22/2010,28.4,29
6/23/2010,28.75,29.55
6/24/2010,30.65,30.8
6/25/2010,29.75,30.35
6/28/2010,30.15,31.05
6/29/2010,33.5,33.45
6/30/2010,33.9,34.15
7/1/2010,33.35,34.15
7/2/2010,32.05,33.4
7/6/2010,29.8,31.9
7/7/2010,27.6,30.05
7/8/2010,27.05,29.5
7/9/2010,26.55,29.05
7/12/2010,25.85,28.35
7/13/2010,25.8,28.15
7/14/2010,26.75,28.95
7/15/2010,26.5,29.3
7/16/2010,28.1,30.6
7/19/2010,26.8,30.3
7/20/2010,24.4,28.5
7/21/2010,28.85,31.45
7/22/2010,27.3,30.2
7/23/2010,26.6,29.6
7/26/2010,25.55,28.75
7/27/2010,25.45,28.45
7/28/2010,25.75,28.8
7/29/2010,25.75,28.75
7/30/2010,25.45,28.6
8/2/2010,23.85,27.15
8/3/2010,24.1,27.5
8/4/2010,23.75,27.35
8/5/2010,23.8,27.65
8/6/2010,23.7,27.75
8/9/2010,23.1,27.4
8/10/2010,23.25,27.55
8/11/2010,25.7,29.6
8/12/2010,26.15,30.05
8/13/2010,26.75,30.7
8/16/2010,26,30.35
8/17/2010,24.35,29.45
8/18/2010,29,31.1
8/19/2010,29.9,32.15
8/20/2010,29.6,32.25
8/23/2010,29,32.15
8/24/2010,29.8,32.85
8/25/2010,29.15,32.3
8/26/2010,29.55,32.5
8/27/2010,27.55,30.9
8/30/2010,28.45,31.75
8/31/2010,27.9,31.25
9/1/2010,25.8,29.75
9/2/2010,25,29.15
9/3/2010,23.6,27.85
9/7/2010,24.45,28.6
9/8/2010,23.85,27.85
9/9/2010,23.75,27.55
9/10/2010,23.05,27
9/13/2010,21.7,25.7
9/14/2010,21.7,25.7
9/15/2010,25.2,27.45
9/16/2010,25.1,27.6
9/17/2010,25.05,27.8
9/20/2010,24.35,27.35
9/21/2010,24.45,27.4
9/22/2010,24.95,27.65
9/23/2010,25.8,28.25
9/24/2010,24.2,27.2
9/27/2010,24.35,27.25
9/28/2010,24.3,27.25
9/29/2010,24.7,27.65
9/30/2010,25.45,28.2
10/1/2010,24.75,27.85
10/4/2010,25.15,28.2
10/5/2010,23.65,27.05
10/6/2010,23.25,26.8
10/7/2010,22.95,26.7
10/8/2010,21.95,25.7
10/11/2010,21.3,25.1
10/12/2010,20.65,24.25
10/13/2010,20.65,23.55
10/14/2010,21.55,24.2
10/15/2010,20.95,24.05
10/18/2010,19.85,23.3
10/19/2010,20.95,23.85
10/20/2010,22.6,25.05
10/21/2010,22,24.65
10/22/2010,21.1,23.95
10/25/2010,20.95,23.7
10/26/2010,21.4,23.9
10/27/2010,21.85,24.2
10/28/2010,21.75,24.3
10/29/2010,21.75,24.25
11/1/2010,21.55,24.2
11/2/2010,21,23.75
11/3/2010,19.8,22.35
11/4/2010,18.5,21
11/5/2010,18.55,20.95
11/8/2010,18.7,21.05
11/9/2010,18.9,21.1
11/10/2010,18.65,20.9
11/11/2010,18.95,21.05
11/12/2010,20.35,22.25
11/15/2010,19.75,21.95
11/16/2010,22.25,22.8
11/17/2010,22.3,25.4
11/18/2010,20.75,24.2
11/19/2010,20.5,23.9
11/22/2010,19.8,23.25
11/23/2010,20.75,24.1
11/24/2010,19.8,23.3
11/26/2010,21.25,24.25
11/29/2010,21.45,24.5
11/30/2010,23.2,25.8
12/1/2010,21.9,24.75
12/2/2010,19.85,23
12/3/2010,19.05,22.15
12/6/2010,18.6,21.6
12/7/2010,18.6,21.45
12/8/2010,18.2,20.7
12/9/2010,18,20.2
12/10/2010,18.05,20.05
12/13/2010,18.3,20.3
12/14/2010,18.7,20.45
12/15/2010,19.05,20.8
12/16/2010,18.4,20.5
12/17/2010,17.6,20.25
12/20/2010,16.75,19.65
12/21/2010,16.75,19.25
12/22/2010,19.25,21.3
12/23/2010,19.85,21.55
12/27/2010,20.45,21.75
12/28/2010,20.55,21.9
12/29/2010,20.25,21.85
12/30/2010,20.1,21.7
12/31/2010,19.7,21.6
1/3/2011,19.3,21.35
1/4/2011,19.1,21.3
1/5/2011,18.7,20.95
1/6/2011,18.65,20.9
1/7/2011,18.7,21
1/10/2011,18.65,21
1/11/2011,17.95,20.4
1/12/2011,17,19.45
1/13/2011,16.95,19.3
1/14/2011,16.25,18.4
1/18/2011,15.9,17.85
1/19/2011,18.75,20.9
1/20/2011,18.65,20.85
1/21/2011,18.85,21
1/24/2011,18.4,20.55
1/25/2011,18.2,20.35
1/26/2011,17.55,19.75
1/27/2011,17.25,19.4
1/28/2011,19.4,20.65
1/31/2011,19.1,20.45
2/1/2011,17.95,19.6
2/2/2011,18.05,19.55
2/3/2011,17.7,19.35
2/4/2011,17.25,18.85
2/7/2011,16.95,18.45
2/8/2011,16.85,18.2
2/9/2011,16.85,18.25
2/10/2011,16.9,18.3
2/11/2011,16.6,18.05
2/14/2011,16.45,17.85
2/15/2011,16.7,18.05
2/16/2011,18.3,19.35
2/17/2011,18.45,19.65
2/18/2011,18.6,19.8
2/22/2011,21.15,21.6
2/23/2011,22.25,22.55
2/24/2011,21.85,22.35
2/25/2011,20.15,21.15
2/28/2011,19.2,20.3
3/1/2011,21.2,21.7
3/2/2011,21.1,21.6
3/3/2011,19.7,20.7
3/4/2011,20.05,21.15
3/7/2011,21.05,21.8
3/8/2011,20.45,21.4
3/9/2011,21.05,21.8
3/10/2011,22.25,22.7
3/11/2011,21.3,22.05
3/14/2011,21.7,22.3
3/15/2011,24.6,23.45
3/16/2011,24.9,25.15
3/17/2011,24.15,24.4
3/18/2011,23.35,23.65
3/21/2011,21.6,22.3
3/22/2011,21.5,22.25
3/23/2011,20.5,21.6
3/24/2011,19.95,21.05
3/25/2011,19.75,21.05
3/28/2011,20.3,21.55
3/29/2011,19.6,20.95
3/30/2011,19.25,20.7
3/31/2011,19.3,20.8
4/1/2011,19.05,20.55
4/4/2011,18.7,20.25
4/5/2011,18.55,20.15
4/6/2011,18.35,20.15
4/7/2011,18.4,20.35
4/8/2011,18.65,20.65
4/11/2011,18.4,20.45
4/12/2011,18.7,20.7
4/13/2011,18.3,20.35
4/14/2011,17.9,20.15
4/15/2011,16.75,19.65
4/18/2011,17.3,20.2
4/19/2011,16,19.1
4/20/2011,18.15,20.35
4/21/2011,17.9,20
4/25/2011,17.45,19.6
4/26/2011,17.3,19.2
4/27/2011,17,18.75
4/28/2011,16.75,18.4
4/29/2011,16.7,18.35
5/2/2011,17.25,18.8
5/3/2011,17.7,19.35
5/4/2011,17.95,19.55
5/5/2011,18.3,19.8
5/6/2011,18.15,19.55
5/9/2011,17.45,18.85
5/10/2011,16.65,18.2
5/11/2011,17.2,18.65
5/12/2011,16.65,18.35
5/13/2011,17.35,18.65
5/16/2011,18,19.05
5/17/2011,17.75,18.7
5/18/2011,18.05,19.75
5/19/2011,17.65,19.6
5/20/2011,18.05,20
5/23/2011,18.55,20.3
5/24/2011,18.3,20.15
5/25/2011,17.95,19.9
5/26/2011,17.45,19.35
5/27/2011,17.1,19.05
5/31/2011,16.55,18.55
6/1/2011,17.95,19.55
6/2/2011,17.8,19.35
6/3/2011,17.95,19.45
6/6/2011,18.2,19.65
6/7/2011,18.1,19.35
6/8/2011,18.5,19.55
6/9/2011,17.75,19
6/10/2011,18.9,19.6
6/13/2011,19.55,20
6/14/2011,18.2,19.2
6/15/2011,20.95,21.25
6/16/2011,21.95,22.3
6/17/2011,21.45,22
6/20/2011,20.45,21.15
6/21/2011,19.95,20.8
6/22/2011,20.3,21.1
6/23/2011,19.85,20.8
6/24/2011,21.05,21.55
6/27/2011,20.6,21
6/28/2011,19.5,20.2
6/29/2011,18.5,19.35
6/30/2011,17.7,18.75
7/1/2011,16.95,17.95
7/5/2011,16.95,18.1
7/6/2011,17.25,18.35
7/7/2011,16.75,17.85
7/8/2011,17.1,18.25
7/11/2011,18.85,19.6
7/12/2011,19.6,20
7/13/2011,19.9,20.05
7/14/2011,20.65,20.65
7/15/2011,20.15,20.2
7/18/2011,21.15,21
7/19/2011,19.25,19.75
7/20/2011,19.35,21
7/21/2011,18.35,20.05
7/22/2011,18.25,19.9
7/25/2011,19.35,20.3
7/26/2011,19.65,20.7
7/27/2011,21.3,21.75
7/28/2011,21.35,21.7
7/29/2011,21.1,21.1
8/1/2011,20.7,20.6
8/2/2011,22.3,22
8/3/2011,22,21.85
8/4/2011,27.45,25.9
8/5/2011,29.15,26.2
8/8/2011,36.55,30.2
8/9/2011,30.5,25.4
8/10/2011,36,28.75
8/11/2011,35.15,27.65
8/12/2011,35,27.85
8/15/2011,32.1,26.7
8/16/2011,33.65,26.9
8/17/2011,27.95,26.8
8/18/2011,33.4,30.2
8/19/2011,35.05,31.62
8/22/2011,36.45,32.65
8/23/2011,34.3,31.75
8/24/2011,33.55,31.45
8/25/2011,34.75,31.75
8/26/2011,34,31
8/29/2011,31.65,29.7
8/30/2011,32.5,30.55
8/31/2011,31.65,30.2
9/1/2011,32.15,30.7
9/2/2011,34.5,32.05
9/6/2011,35.75,32.85
9/7/2011,33.55,31.4
9/8/2011,34.6,32.15
9/9/2011,38.55,34.55
9/12/2011,38.3,35.05
9/13/2011,37.85,35.15
9/14/2011,35.75,34.1
9/15/2011,33.2,32.55
9/16/2011,33.05,31.85
9/19/2011,33.7,33.1
9/20/2011,33.5,32.95
9/21/2011,35.75,33.75
9/22/2011,38.55,35.75
9/23/2011,39.1,35.9
9/26/2011,37.5,34.7
9/27/2011,36.75,34.3
9/28/2011,39.45,36.05
9/29/2011,38.6,35.3
9/30/2011,42.15,37.75
10/3/2011,45.05,40.55
10/4/2011,40.8,38.1
10/5/2011,38.45,36.3
10/6/2011,37.85,35.9
10/7/2011,37.95,35.95
10/10/2011,34.7,33.65
10/11/2011,34.5,33.5
10/12/2011,32.25,31.45
10/13/2011,32.1,31.2
10/14/2011,29.75,29.35
10/17/2011,34.2,32.95
10/18/2011,32.15,31
10/19/2011,33.85,31.55
10/20/2011,34.1,31.55
10/21/2011,31.6,30
10/24/2011,29.75,28.85
10/25/2011,32.4,30.25
10/26/2011,30.5,29.2
10/27/2011,26.2,25.8
10/28/2011,26.25,25.55
10/31/2011,29.95,28.2
11/1/2011,33.95,31.25
11/2/2011,32.7,30.4
11/3/2011,30.95,29.25
11/4/2011,31.4,29.85
11/7/2011,31.1,29.75
11/8/2011,28.9,28.35
11/9/2011,36.45,33.45
11/10/2011,33.45,31.5
11/11/2011,31.4,30.2
11/14/2011,32.1,30.75
11/15/2011,32.05,30.7
11/16/2011,32.65,33.6
11/17/2011,33.75,34.65
11/18/2011,32.35,33.75
11/21/2011,32.95,34.34
11/22/2011,32.3,33.85
11/23/2011,33.6,35.05
11/25/2011,34.5,35.6
11/28/2011,32,33.7
11/29/2011,31.35,33.2
11/30/2011,28.35,30.9
12/1/2011,27.9,30.15
12/2/2011,27.8,29.9
12/5/2011,27.8,29.7
12/6/2011,28.1,29.95
12/7/2011,28.6,30.6
12/8/2011,30.15,32.1
12/9/2011,27.2,29.55
12/12/2011,27.6,30.1
12/13/2011,27.1,29.9
12/14/2011,27.1,30.1
12/15/2011,26.35,28.9
12/16/2011,26.1,28.85
12/19/2011,25.6,28.35
12/20/2011,23.85,26.55
12/21/2011,23.7,24.5
12/22/2011,25.1,26
12/23/2011,25.7,26.4
12/27/2011,25.45,26.2
12/28/2011,26.7,27.1
12/29/2011,25.95,26.55
12/30/2011,26.7,27.15
1/3/2012,24.8,25.8
1/4/2012,24.2,25.3
1/5/2012,23.75,24.9
1/6/2012,23.05,24.4
1/9/2012,22.85,24.15
1/10/2012,22.35,23.65
1/11/2012,22.95,24.15
1/12/2012,22.2,23.75
1/13/2012,22.55,24.1
1/17/2012,22.45,23.95
1/18/2012,23.2,24.95
1/19/2012,22.55,24.4
1/20/2012,21.85,23.9
1/23/2012,21.3,23.5
1/24/2012,21.2,23.25
1/25/2012,20.6,22.5
1/26/2012,20.55,22.55
1/27/2012,20.15,22.2
1/30/2012,20.7,22.55
1/31/2012,20.9,22.75
2/1/2012,19.85,22.05
2/2/2012,19.15,21.35
2/3/2012,17.95,20.55
2/6/2012,18.1,20.2
2/7/2012,18.4,20.4
2/8/2012,19.2,21
2/9/2012,20,21.95
2/10/2012,21.75,23.55
2/13/2012,19.25,21.9
2/14/2012,19.8,22.45
2/15/2012,24.25,25.6
2/16/2012,22.8,24.65
2/17/2012,22.6,24.8
2/21/2012,22.55,25.15
2/22/2012,21.8,24.55
2/23/2012,20.25,23.35
2/24/2012,21.2,24.3
2/27/2012,21.55,24.55
2/28/2012,20.85,24.05
2/29/2012,21,24
3/1/2012,20.05,23.3
3/2/2012,20.4,23.7
3/5/2012,20.15,23.65
3/6/2012,22.5,25.3
3/7/2012,20.65,23.95
3/8/2012,19.7,23.25
3/9/2012,19.05,22.75
3/12/2012,17.75,21.75
3/13/2012,17,21
3/14/2012,17.8,22.1
3/15/2012,17.05,21.75
3/16/2012,16.15,21.6
3/19/2012,15.55,20
3/20/2012,15.65,19.1
3/21/2012,18.1,21.2
3/22/2012,18.35,21.6
3/23/2012,17,20.2
3/26/2012,15.6,18.3
3/27/2012,17.6,19.55
3/28/2012,17.65,19.7
3/29/2012,17.1,19.55
3/30/2012,16.8,19
4/2/2012,17,18.85
4/3/2012,17.25,19.3
4/4/2012,17.95,19.9
4/5/2012,18.45,20.45
4/9/2012,19.6,21.45
4/10/2012,21.15,22.7
4/11/2012,20.7,22.35
4/12/2012,18.2,20
4/13/2012,19.95,21.7
4/16/2012,19.85,21.35
4/17/2012,18.2,19.95
4/18/2012,20.55,22.45
4/19/2012,20.4,22.45
4/20/2012,19.7,21.9
4/23/2012,20.6,22.55
4/24/2012,19.75,21.8
4/25/2012,18.55,20.8
4/26/2012,18,20.3
4/27/2012,18.05,20.15
4/30/2012,18.45,20.5
5/1/2012,18,20.05
5/2/2012,18.05,19.95
5/3/2012,18.8,20.55
5/4/2012,20,21.45
5/7/2012,19.35,20.85
5/8/2012,19.55,21
5/9/2012,20.5,21.85
5/10/2012,19.35,20.85
5/11/2012,20.1,21.6
5/14/2012,21.95,23
5/15/2012,21.85,23.9
5/16/2012,24.4,25.45
5/17/2012,26.2,26.7
5/18/2012,28.2,28.15
5/21/2012,24.25,25.85
5/22/2012,24.95,26.5
5/23/2012,24.8,26.35
5/24/2012,24.25,26
5/25/2012,24.55,26.1
5/29/2012,23,24.8
5/30/2012,25.7,26.9
5/31/2012,26,27.35
6/1/2012,27.75,29.15
6/4/2012,26.95,28.45
6/5/2012,25.6,27.35
6/6/2012,23.4,25.5
6/7/2012,23.05,25.3
6/8/2012,21.7,23.85
6/11/2012,24.55,26.4
6/12/2012,23.45,25.55
6/13/2012,24.95,26.75
6/14/2012,22.95,25.1
6/15/2012,21.5,23.65
6/18/2012,19,21.8
6/19/2012,18.45,21.9
6/20/2012,20.45,22.7
6/21/2012,23.35,24.75
6/22/2012,21.85,23.9
6/25/2012,22.45,24.25
6/26/2012,21.75,23.7
6/27/2012,21.7,23.65
6/28/2012,21.35,23.3
6/29/2012,19.55,21.95
7/2/2012,18.15,20.65
7/3/2012,17.7,20.2
7/5/2012,18.8,20.9
7/6/2012,18.25,20.6
7/9/2012,18.4,20.5
7/10/2012,19.25,21.2
7/11/2012,18.3,20.45
7/12/2012,18.5,20.6
7/13/2012,17.45,19.35
7/16/2012,17.3,19.3
7/17/2012,16.65,18.55
7/18/2012,18.65,20.6
7/19/2012,18.2,20.15
7/20/2012,19.15,20.95
7/23/2012,20.8,22.3
7/24/2012,21.85,23.2
7/25/2012,21.1,22.45
7/26/2012,19.15,20.9
7/27/2012,18.6,20.65
7/30/2012,19.5,21.25
7/31/2012,19.9,21.65
8/1/2012,19.7,21.35
8/2/2012,18.7,20.7
8/3/2012,17.2,19.4
8/6/2012,16.85,19
8/7/2012,17.65,19.7
8/8/2012,16.8,18.9
8/9/2012,16.55,18.65
8/10/2012,16.35,18.55
8/13/2012,15.8,18.25
8/14/2012,16.4,19
8/15/2012,16.2,19
8/16/2012,15.9,18.75
8/17/2012,15.1,18.2
8/20/2012,14.65,18.25
8/21/2012,14.9,18.75
8/22/2012,19,21.25
8/23/2012,19.3,21.6
8/24/2012,18.55,21.2
8/27/2012,18.8,21.3
8/28/2012,19,21.45
8/29/2012,19.25,21.7
8/30/2012,19.7,22
8/31/2012,18.95,21.2
9/4/2012,18.65,20.75
9/5/2012,18.15,20.35
9/6/2012,16.1,18.55
9/7/2012,15.1,17.55
9/10/2012,16.5,18.55
9/11/2012,16.6,18.35
9/12/2012,15.8,17.6
9/13/2012,14.9,16.45
9/14/2012,15.75,17.35
9/17/2012,15,16.85
9/18/2012,14.3,16.25
9/19/2012,16.05,17.7
9/20/2012,16.4,18.05
9/21/2012,16.05,17.9
9/24/2012,15.9,17.6
9/25/2012,17.15,18.35
9/26/2012,17.75,18.9
9/27/2012,16.1,17.75
9/28/2012,16.4,18.05
10/1/2012,16.95,18.3
10/2/2012,16.6,17.95
10/3/2012,16.5,17.7
10/4/2012,15.8,17.4
10/5/2012,15.75,17.25
10/8/2012,15.9,17.4
10/9/2012,16.7,18.05
10/10/2012,16.75,18.15
10/11/2012,16.2,17.55
10/12/2012,16.65,18
10/15/2012,15.7,17.15
10/16/2012,15.5,16.75
10/17/2012,16.45,17.5
10/18/2012,16.7,17.6
10/19/2012,17.6,18.45
10/22/2012,17.35,18.05
10/23/2012,19.2,19.4
10/24/2012,18.75,19.1
10/25/2012,18.3,18.9
10/26/2012,18.25,18.9
10/31/2012,18.95,19.5
11/1/2012,16.9,17.9
11/2/2012,17.8,18.6
11/5/2012,18.1,18.9
11/6/2012,17.05,18.1
11/7/2012,18.85,19.5
11/8/2012,18.5,19.3
11/9/2012,18.6,19.6
11/12/2012,17.1,18.35
11/13/2012,16.95,18.2
11/14/2012,17.85,19
11/15/2012,18.05,19.15
11/16/2012,16.75,18.2
11/19/2012,15.25,16.6
11/20/2012,15.15,16.4
11/21/2012,16.45,18.35
11/23/2012,16.1,17.9
11/26/2012,15.6,17.45
11/27/2012,16.15,17.8
11/28/2012,15.5,17.3
11/29/2012,15.25,17
11/30/2012,15.55,17.15
12/3/2012,16.4,17.7
12/4/2012,16.5,17.9
12/5/2012,16.1,17.35
12/6/2012,16.4,17.65
12/7/2012,16,17.25
12/10/2012,16,17.05
12/11/2012,15.55,16.5
12/12/2012,16.1,17.15
12/13/2012,16.6,17.35
12/14/2012,16.85,17.2
12/17/2012,16.2,16.5
12/18/2012,15.55,16.15
12/19/2012,17.1,17.9
12/20/2012,17.5,18.15
12/21/2012,18.25,18.55
12/24/2012,18.65,18.95
12/26/2012,19.5,19.55
12/27/2012,19.1,19.4
12/28/2012,22.35,21.95
12/31/2012,17.7,18.5
1/2/2013,15.6,16.75
1/3/2013,15.9,16.95
1/4/2013,15.3,16.7
1/7/2013,14.75,16.45
1/8/2013,14.65,16.45
1/9/2013,14.7,16.4
1/10/2013,14.2,16.1
1/11/2013,14.15,16
1/14/2013,14.1,15.95
1/15/2013,14.2,15.8
1/16/2013,15.5,17.1
1/17/2013,15.7,17
1/18/2013,14.65,16.3
1/22/2013,14.05,15.4
1/23/2013,13.7,15.05
1/24/2013,13.95,15.1
1/25/2013,14.1,15.15
1/28/2013,14.6,15.35
1/29/2013,14.05,14.95
1/30/2013,15.15,15.8
1/31/2013,14.9,15.75
2/1/2013,14.3,15.4
2/4/2013,15.3,15.9
2/5/2013,14.4,15.6
2/6/2013,14.15,15.35
2/7/2013,14.1,15.35
2/8/2013,13.8,15.05
2/11/2013,13.5,14.95
2/12/2013,13,14.8
2/13/2013,14.75,15.85
2/14/2013,14.55,15.75
2/15/2013,14.5,15.65
2/19/2013,13.9,14.95
2/20/2013,15.4,16
2/21/2013,15.5,16.15
2/22/2013,14.85,15.7
2/25/2013,17.65,17.5
2/26/2013,17.05,17.35
2/27/2013,15.4,16.1
2/28/2013,16.15,16.7
3/1/2013,16.4,16.95
3/4/2013,15,15.85
3/5/2013,14.55,15.55
3/6/2013,14.7,15.55
3/7/2013,14.2,15.25
3/8/2013,13.8,15.1
3/11/2013,13,14.45
3/12/2013,13.25,14.8
3/13/2013,12.95,14.7
3/14/2013,12.55,14.6
3/15/2013,12.55,14.7
3/18/2013,13.7,15.4
3/19/2013,14.8,15.4
3/20/2013,14.5,15.95
3/21/2013,14.95,16.15
3/22/2013,14.8,16
3/25/2013,14.55,15.8
3/26/2013,14.2,15.6
3/27/2013,14.4,15.7
3/28/2013,14.2,15.6
4/1/2013,14.4,15.75
4/2/2013,13.8,15.25
4/3/2013,14.65,15.75
4/4/2013,14.25,15.55
4/5/2013,14.35,15.5
4/8/2013,13.65,15.1
4/9/2013,13.6,15.05
4/10/2013,13.1,14.5
4/11/2013,13.15,14.5
4/12/2013,12.75,14.15
4/15/2013,16.7,16.65
4/16/2013,13.95,14.75
4/17/2013,16.45,16.75
4/18/2013,17.2,17.5
4/19/2013,15.95,16.8
4/22/2013,15.3,16.1
4/23/2013,14.55,15.4
4/24/2013,14.65,15.4
4/25/2013,14.8,15.5
4/26/2013,14.8,15.6
4/29/2013,14.75,15.55
4/30/2013,14.45,15.4
5/1/2013,15.15,15.95
5/2/2013,14.55,15.5
5/3/2013,14.25,15.25
5/6/2013,13.9,14.95
5/7/2013,13.85,14.9
5/8/2013,14,15.1
5/9/2013,14.2,15.35
5/10/2013,13.85,15.1
5/13/2013,13.65,15.1
5/14/2013,13.55,15.05
5/15/2013,13.7,15.15
5/16/2013,13.95,15.35
5/17/2013,13.2,15.1
5/20/2013,13.3,15.1
5/21/2013,13.55,15.4
5/22/2013,15.3,16.4
5/23/2013,15.5,16.55
5/24/2013,15.5,16.5
5/28/2013,15.2,16.35
5/29/2013,15.4,16.4
5/30/2013,15.4,16.55
5/31/2013,16.05,17.15
6/3/2013,16,17
6/4/2013,16.1,17.1
6/5/2013,17.05,17.7
6/6/2013,16.55,17.25
6/7/2013,15.8,16.9
6/10/2013,15.6,16.7
6/11/2013,16.9,17.6
6/12/2013,18.25,18.55
6/13/2013,16.8,17.7
6/14/2013,17.55,18.3
6/17/2013,16.95,17.8
6/18/2013,16.8,17.65
6/19/2013,17.55,18.35
6/20/2013,19.65,19.45
6/21/2013,19,19.4
6/24/2013,20.15,20.3
6/25/2013,19.45,19.95
6/26/2013,18.85,19.6
6/27/2013,18.2,19.05
6/28/2013,18.05,18.9
7/1/2013,17.65,18.45
7/2/2013,17.6,18.45
7/3/2013,17.25,18.35
7/5/2013,15.95,17.45
7/8/2013,15.35,16.75
7/9/2013,15.1,16.65
7/10/2013,14.85,16.35
7/11/2013,14.5,16.05
7/12/2013,14.65,16.2
7/15/2013,14.05,15.75
7/16/2013,14.25,16.2
7/17/2013,15.6,16.95
7/18/2013,15.45,16.9
7/19/2013,14.9,16.5
7/22/2013,14.7,16.2
7/23/2013,14.65,16.15
7/24/2013,14.8,16.2
7/25/2013,14.5,15.9
7/26/2013,14.45,15.85
7/29/2013,14.65,15.95
7/30/2013,14.3,15.7
7/31/2013,13.9,15.4
8/1/2013,13.6,15.05
8/2/2013,13.15,14.65
8/5/2013,13.05,14.45
8/6/2013,13.4,14.85
8/7/2013,13.55,15.05
8/8/2013,13.25,14.85
8/9/2013,13.55,15.2
8/12/2013,13.35,15
8/13/2013,13.1,14.9
8/14/2013,13.35,15.15
8/15/2013,14.25,15.75
8/16/2013,14.45,15.6
8/19/2013,15.05,15.95
8/20/2013,15,15.65
8/21/2013,16.1,16.95
8/22/2013,15.45,16.4
8/23/2013,15.2,16.25
8/26/2013,15.85,16.7
8/27/2013,17.2,17.9
8/28/2013,17.35,17.95
8/29/2013,17.35,17.95
8/30/2013,17.5,18.15
9/3/2013,16.85,17.65
9/4/2013,16.7,17.55
9/5/2013,16.4,17.4
9/6/2013,16.5,17.5
9/9/2013,15.8,16.8
9/10/2013,15.15,16.35
9/11/2013,14.55,15.75
9/12/2013,14.8,15.8
9/13/2013,14.8,15.8
9/16/2013,14.7,15.55
9/17/2013,14.65,15.45
9/18/2013,14.7,15.9
9/19/2013,14.75,15.9
9/20/2013,15,16.15
9/23/2013,15.35,16.4
9/24/2013,15.05,16.25
9/25/2013,15.05,16.2
9/26/2013,14.8,15.95
9/27/2013,15.5,16.35
9/30/2013,16.2,16.9
10/1/2013,15.45,16.25
10/2/2013,16.35,16.9
10/3/2013,17.25,17.45
10/4/2013,16.8,17
10/7/2013,18.5,18.35
10/8/2013,19.4,19.1
10/9/2013,18.85,18.7
10/10/2013,16.4,16.85
10/11/2013,15.7,16.4
10/14/2013,15.9,16.65
10/15/2013,18.2,17.3
10/16/2013,15.55,16.55
10/17/2013,14.55,15.6
10/18/2013,14.35,15.25
10/21/2013,14.6,15.5
10/22/2013,14.6,15.55
10/23/2013,14.7,15.55
10/24/2013,14.45,15.45
10/25/2013,14.5,15.5
10/28/2013,14.55,15.5
10/29/2013,14.45,15.5
10/30/2013,14.55,15.55
10/31/2013,14.5,15.5
11/1/2013,14.45,15.6
11/4/2013,13.95,15.1
11/5/2013,14,15.2
11/6/2013,13.7,14.95
11/7/2013,14.25,15.4
11/8/2013,13.6,14.85
11/11/2013,13.3,14.75
11/12/2013,13.35,14.8
11/13/2013,13.25,14.65
11/14/2013,13.05,14.6
11/15/2013,12.95,14.35
11/18/2013,13.3,14.3
11/19/2013,13.6,14.5
11/20/2013,14.15,16
11/21/2013,13.7,15.5
11/22/2013,13.6,15.2
11/25/2013,13.65,15.05
11/26/2013,13.75,15
11/27/2013,13.85,15.1
11/29/2013,13.95,15.15
12/2/2013,14.3,15.2
12/3/2013,14.65,15.5
12/4/2013,14.25,15.4
12/5/2013,14.55,15.5
12/6/2013,13.95,15
12/9/2013,13.75,14.8
12/10/2013,13.95,14.9
12/11/2013,14.9,15.45
12/12/2013,15.4,15.5
12/13/2013,15.5,15.5
12/16/2013,15.9,15.75
12/17/2013,16.25,15.55
12/18/2013,14.5,15.55
12/19/2013,14.45,15.6
12/20/2013,14.45,15.45
12/23/2013,13.9,15
12/24/2013,13.4,14.6
12/26/2013,13.4,14.5
12/27/2013,13.7,14.65
12/30/2013,13.9,14.85
12/31/2013,13.95,14.75
1/2/2014,14.2,15.05
1/3/2014,14.05,14.9
1/6/2014,13.9,14.75
1/7/2014,13.65,14.45
1/8/2014,13.7,14.45
1/9/2014,13.65,14.55
1/10/2014,13.25,14.3
1/13/2014,13.8,14.55
1/14/2014,13.1,14.1
1/15/2014,13.15,14.15
1/16/2014,13.45,14.3
1/17/2014,13.45,14.25
1/21/2014,13.25,14.1
1/22/2014,13.85,14.8
1/23/2014,14.2,14.95
1/24/2014,16.2,16.2
1/27/2014,16.1,16.25
1/28/2014,15.2,15.55
1/29/2014,16.4,16.45
1/30/2014,16.65,16.6
1/31/2014,17.6,17.35
2/3/2014,19.2,18.6
2/4/2014,18.65,18.35
2/5/2014,19.15,18.75
2/6/2014,17,17
2/7/2014,15.5,15.9
2/10/2014,15.65,15.85
2/11/2014,15.05,15.3
2/12/2014,14.55,15
2/13/2014,14.6,14.95
2/14/2014,14.2,14.7
2/18/2014,14.25,14.45
2/19/2014,15.4,15.8
2/20/2014,14.95,15.4
2/21/2014,15.15,15.45
2/24/2014,15,15.4
2/25/2014,14.9,15.3
2/26/2014,15.3,15.65
2/27/2014,15.1,15.55
2/28/2014,15.25,15.7
3/3/2014,16.6,16.65
3/4/2014,15.1,15.6
3/5/2014,15.15,15.6
3/6/2014,15.05,15.55
3/7/2014,15.5,15.85
3/10/2014,15.3,15.9
3/11/2014,15.55,16.1
3/12/2014,15.3,15.95
3/13/2014,16.6,16.6
3/14/2014,17.7,17.1
3/17/2014,16.15,16.15
3/18/2014,15.6,16.25
3/19/2014,16,16.5
3/20/2014,15.75,16.2
3/21/2014,16,16.45
3/24/2014,15.95,16.45
3/25/2014,15.7,16.25
3/26/2014,16.05,16.65
3/27/2014,15.75,16.4
3/28/2014,15.6,16.25
3/31/2014,15.15,15.85
4/1/2014,14.5,15.45
4/2/2014,14.6,15.55
4/3/2014,14.55,15.55
4/4/2014,14.59,15.52
4/7/2014,15.45,15.95
4/8/2014,15.14,15.8
4/9/2014,14.48,15.4
4/10/2014,15.75,16.18
4/11/2014,16.84,16.63
4/14/2014,16.19,16.62
4/15/2014,16.3,16.55
4/16/2014,15.9,16.33
4/17/2014,15.6,16.1
4/18/2014,15.6,16.1
4/19/2014,15.6,16.1
4/20/2014,15.6,16.1
4/21/2014,15.39,16.02
4/22/2014,15.2,15.85
4/23/2014,15.19,15.75
4/24/2014,15.55,16.03
4/25/2014,15.57,16.18
4/28/2014,15.25,15.87
4/29/2014,15.03,15.65
4/30/2014,15.01,15.74
5/1/2014,14.85,15.65
5/2/2014,14.88,15.83
5/5/2014,14.6,15.6
5/6/2014,14.8,15.76
5/7/2014,14.35,15.42
5/8/2014,14.48,15.43
5/9/2014,14.04,15.18
5/12/2014,13.49,14.75
5/13/2014,13.45,14.79
5/14/2014,13.15,14.7
5/15/2014,13.75,14.85
5/16/2014,13.24,14.62
5/17/2014,13.24,14.62
5/18/2014,13.24,14.62
5/19/2014,13.05,14.37
5/20/2014,14.4,15.2
5/21/2014,14.05,15.01
5/22/2014,14.03,15.03
5/23/2014,13.88,15.02
5/27/2014,13.4,14.6
5/28/2014,13.4,14.7
5/29/2014,13.35,14.65
5/30/2014,13.29,14.78
6/1/2014,13.29,14.78
6/2/2014,13.15,14.75
6/3/2014,13.25,14.75
6/4/2014,13.25,14.49
6/5/2014,12.6,14
6/6/2014,11.99,13.27
6/9/2014,12.24,13.47
6/10/2014,12.08,13.28
6/11/2014,12.5,13.55
6/12/2014,13.17,14.15
6/13/2014,12.95,13.79
6/16/2014,13.02,13.75
6/17/2014,13.45,14.3
6/18/2014,12.65,13.7
6/19/2014,12.82,13.77
6/20/2014,12.89,13.88
6/23/2014,12.72,13.78
6/24/2014,13.1,13.9
6/25/2014,12.6,13.55
6/26/2014,12.9,13.7
6/27/2014,12.6,13.45
6/28/2014,12.6,13.45
6/29/2014,12.55,13.46
6/30/2014,12.45,13.3
7/1/2014,12.05,12.97
7/2/2014,11.93,12.9
7/3/2014,11.8,12.8
7/4/2014,5.4,5.2
7/5/2014,5.4,5.2
7/6/2014,11.8,12.75
7/8/2014,12.35,13.06
7/9/2014,12.3,12.9
7/10/2014,13,13.34
7/11/2014,12.64,13.18
7/14/2014,12,12.75
7/15/2014,12.95,13.65
7/16/2014,12.75,13.6
7/17/2014,13.75,14.2
7/18/2014,12.98,13.67
7/19/2014,12.98,13.67
7/20/2014,13,13.65
7/21/2014,13.2,13.77
7/22/2014,13,13.7
7/23/2014,13.15,13.89
7/24/2014,13.2,14.05
7/25/2014,13.48,14.28
7/28/2014,13.3,14.12
7/29/2014,13.33,14.04
7/30/2014,13.7,14.4
7/31/2014,14.85,15.23
8/1/2014,16.05,16.1
8/4/2014,15,15.4
8/5/2014,16.15,16.2
8/6/2014,16.05,16.2
8/7/2014,17.43,17.28
8/8/2014,15.98,16.11
8/11/2014,14.68,15.23
8/12/2014,14.55,15.1
8/13/2014,13.55,14.35
8/14/2014,12.95,13.95
8/15/2014,13.22,13.88
8/18/2014,12.45,13.37
8/19/2014,13.5,14.1
8/20/2014,13.5,14.16
8/21/2014,13.4,14.15
8/22/2014,13.48,14.23
8/25/2014,13.43,14.2
8/26/2014,13.45,14.35
8/27/2014,13.58,14.44
8/28/2014,13.6,14.45
8/29/2014,13.77,14.53
9/2/2014,13.7,14.6
9/3/2014,13.5,14.5
9/4/2014,13.6,14.51
9/5/2014,13.17,14.18
9/8/2014,13.4,14.3
9/9/2014,13.85,14.57
9/10/2014,13.7,14.55
9/11/2014,13.48,14.45
9/12/2014,14.03,14.78
9/15/2014,14.42,15.15
9/16/2014,14.4,14.95
9/17/2014,14.26,14.95
9/18/2014,13.85,14.6
9/19/2014,14.12,14.93
9/22/2014,14.78,15.36
9/23/2014,15.2,15.72
9/24/2014,14.7,15.37
9/25/2014,15.6,16
9/26/2014,15.33,15.82
9/27/2014,15.33,15.82
9/28/2014,15.52,15.98
9/29/2014,16.2,16.53
9/30/2014,16.25,16.58
10/1/2014,16.75,16.95
10/2/2014,16.33,16.64
10/3/2014,15.15,15.77
10/4/2014,15.15,15.77
10/5/2014,15.05,15.72
10/6/2014,15.7,16.2
10/7/2014,16.9,17.13
10/8/2014,15.2,15.7
10/9/2014,17.2,16.95
10/10/2014,19.78,18.65
10/13/2014,21.9,20.2
10/14/2014,21.11,19.9
10/15/2014,23.1,21.45
10/16/2014,22.12,20.92
10/17/2014,20.99,19.94
10/20/2014,18.85,18.55
10/21/2014,16.95,17.2
10/22/2014,18.1,18.03
10/23/2014,17.75,17.65
10/24/2014,16.93,17.03
10/27/2014,16.82,16.82
10/28/2014,15.95,16.1
10/29/2014,16.35,16.4
10/30/2014,15.85,16.1
10/31/2014,15.77,16.03
11/3/2014,16,16.3
11/4/2014,15.7,16.15
11/5/2014,15.55,16.1
11/6/2014,14.85,15.5
11/7/2014,14.77,15.48
11/10/2014,13.95,14.95
11/11/2014,14.19,14.98
11/12/2014,14.4,15.2
11/13/2014,14.6,15.45
11/14/2014,14.32,15.29
11/17/2014,14.3,15.35
11/18/2014,15.25,16
11/19/2014,15.55,16.3
11/20/2014,15.15,16.05
11/21/2014,14.93,16.04
11/24/2014,14.93,16.04
11/25/2014,14.93,16.04
11/26/2014,14.93,16.04